colony,depth,date,reef,score,mortality,C.SH,D.SH,tot.SH,propD,syms,dom,tdom,vis,days,year
1,5,2014-10-24,HIMB,1,0,0.0123460279934861,NA,0.0123460279934861,0,C,C,C,bleached,0,y1
1,5,2014-11-04,HIMB,1,0,0.0219940884194043,NA,0.0219940884194043,0,C,C,C,bleached,11,y1
1,5,2014-11-24,HIMB,1,0,0.0174739720462937,8.58325232807713e-05,0.0175598045695745,0.00488801130677113,CD,C,C,bleached,31,y1
1,5,2014-12-16,HIMB,2,0,0.00219836095758338,NA,0.00219836095758338,0,C,C,C,bleached,53,y1
1,5,2015-01-14,HIMB,NA,missing,NA,NA,NA,NA,NA,NA,NA,NA,82,y1
1,5,2015-05-06,HIMB,NA,missing,NA,NA,NA,NA,NA,NA,NA,NA,194,y1
1,5,2015-08-11,HIMB,NA,missing,NA,NA,NA,NA,NA,NA,NA,NA,291,y2
1,5,2015-09-14,HIMB,NA,missing,NA,NA,NA,NA,NA,NA,NA,NA,325,y2
1,5,2015-10-01,HIMB,NA,missing,NA,NA,NA,NA,NA,NA,NA,NA,342,y2
1,5,2015-10-21,HIMB,NA,missing,NA,NA,NA,NA,NA,NA,NA,NA,362,y2
1,5,2015-11-04,HIMB,NA,missing,NA,NA,NA,NA,NA,NA,NA,NA,376,y2
1,5,2015-12-17,HIMB,NA,missing,NA,NA,NA,NA,NA,NA,NA,NA,419,y2
1,5,2016-01-20,HIMB,NA,missing,NA,NA,NA,NA,NA,NA,NA,NA,453,y2
1,5,2016-02-11,HIMB,NA,missing,NA,NA,NA,NA,NA,NA,NA,NA,475,y2
109,6,2014-10-24,44,1,0,0.0016741409564239,NA,0.0016741409564239,0,C,C,C,bleached,0,y1
109,6,2014-11-04,44,2,0,0.00433588860564507,NA,0.00433588860564507,0,C,C,C,bleached,11,y1
109,6,2014-11-24,44,2,0,0.0113693480042548,NA,0.0113693480042548,0,C,C,C,bleached,31,y1
109,6,2014-12-16,44,2,0,0.119191462605816,NA,0.119191462605816,0,C,C,C,bleached,53,y1
109,6,2015-01-14,44,2,0,NA,NA,NA,NA,NA,NA,NA,NA,82,y1
109,6,2015-05-06,44,3,0,0.0239953328033381,NA,0.0239953328033381,0,C,C,C,bleached,194,y1
109,6,2015-08-11,44,2,0,0.0102069352304716,0,0.0102069352304716,0,C,C,C,bleached,291,y2
109,6,2015-09-14,44,1,0,0.0138895488800705,0,0.0138895488800705,0,C,C,C,bleached,325,y2
109,6,2015-10-01,44,1,0,0.00705784544346384,0,0.00705784544346384,0,C,C,C,bleached,342,y2
109,6,2015-10-21,44,1,0,NA,NA,NA,NA,NA,NA,NA,NA,362,y2
109,6,2015-11-04,44,2,0,0.196969417645039,0,0.196969417645039,0,C,C,C,bleached,376,y2
109,6,2015-12-04,44,NA,NA,0.0817772609870064,0,0.0817772609870064,0,C,C,C,bleached,406,y2
109,6,2015-12-17,44,2,1,0.199802086324795,0,0.199802086324795,0,C,C,C,bleached,419,y2
109,6,2016-01-20,44,2,1,0.0161776240815135,0,0.0161776240815135,0,C,C,C,bleached,453,y2
109,6,2016-02-11,44,2,1,0.198862554939117,0,0.198862554939117,0,C,C,C,bleached,475,y2
109,6,2016-03-31,44,NA,NA,0.0466264872098493,0,0.0466264872098493,0,C,C,C,bleached,524,y2
11,2,2014-10-24,HIMB,1,0,0.00912288266956285,NA,0.00912288266956285,0,C,C,C,bleached,0,y1
11,2,2014-11-04,HIMB,1,0,0.0030983306447951,NA,0.0030983306447951,0,C,C,C,bleached,11,y1
11,2,2014-11-24,HIMB,1,0,0.0140392795939293,NA,0.0140392795939293,0,C,C,C,bleached,31,y1
11,2,2014-12-16,HIMB,1,0,0.000786588610863615,NA,0.000786588610863615,0,C,C,C,bleached,53,y1
11,2,2015-01-14,HIMB,1,1,0.0214403831495966,NA,0.0214403831495966,0,C,C,C,bleached,82,y1
11,2,2015-05-06,HIMB,2,1,0.0437430388217518,NA,0.0437430388217518,0,C,C,C,bleached,194,y1
11,2,2015-08-11,HIMB,2,1,0.137813923042928,0,0.137813923042928,0,C,C,D,bleached,291,y2
11,2,2015-09-14,HIMB,1,1,0.0027196628921971,0,0.0027196628921971,0,C,C,D,bleached,325,y2
11,2,2015-10-01,HIMB,1,1,0,0,2e-05,NA,NA,NA,D,bleached,342,y2
11,2,2015-10-21,HIMB,1,1,2.55307165154623e-05,0,2.55307165154623e-05,0,C,C,D,bleached,362,y2
11,2,2015-11-04,HIMB,1,1,0,0,2e-05,NA,NA,NA,D,bleached,376,y2
11,2,2015-12-04,HIMB,NA,NA,0,0.51331103176844,0.51331103176844,1,D,D,D,bleached,406,y2
11,2,2015-12-17,HIMB,2,2,0,0.569909667805437,0.569909667805437,1,D,D,D,bleached,419,y2
11,2,2016-01-20,HIMB,2,2,0.00284864893776449,0.238614756656426,0.241463405594191,0.988202564563543,DC,D,D,bleached,453,y2
11,2,2016-02-11,HIMB,2,2,0.000142129490644623,0.214761184394489,0.214903313885134,0.999338635184004,DC,D,D,bleached,475,y2
11,2,2016-03-31,HIMB,NA,NA,0,0.182106607101046,0.182106607101046,1,D,D,D,bleached,524,y2
110,6,2014-10-24,44,3,0,0.571206581669311,NA,0.571206581669311,0,C,C,C,not bleached,0,y1
110,6,2014-11-04,44,3,0,NA,NA,NA,NA,NA,NA,NA,NA,11,y1
110,6,2014-11-24,44,3,0,0.0783755168939273,NA,0.0783755168939273,0,C,C,C,not bleached,31,y1
110,6,2014-12-16,44,3,0,0.0624636620543371,NA,0.0624636620543371,0,C,C,C,not bleached,53,y1
110,6,2015-01-14,44,3,0,0.894841302792872,NA,0.894841302792872,0,C,C,C,not bleached,82,y1
110,6,2015-05-06,44,3,0,0.0660729787888967,NA,0.0660729787888967,0,C,C,C,not bleached,194,y1
110,6,2015-08-11,44,3,0,0.0717883501947101,0,0.0717883501947101,0,C,C,C,not bleached,291,y2
110,6,2015-09-14,44,3,0,0.159905731224618,0,0.159905731224618,0,C,C,C,not bleached,325,y2
110,6,2015-10-01,44,3,0,0.0385291335466899,0,0.0385291335466899,0,C,C,C,not bleached,342,y2
110,6,2015-10-21,44,3,0,NA,NA,NA,NA,NA,NA,NA,NA,362,y2
110,6,2015-11-04,44,3,0,0.282523651461562,0,0.282523651461562,0,C,C,C,not bleached,376,y2
110,6,2015-12-04,44,NA,NA,0.186112073310592,0,0.186112073310592,0,C,C,C,not bleached,406,y2
110,6,2015-12-17,44,3,0,0.0554293366640381,0,0.0554293366640381,0,C,C,C,not bleached,419,y2
110,6,2016-01-20,44,3,0,0.0496743036221698,0.00293089128657829,0.0526051949087481,0.0557148641243963,CD,C,C,not bleached,453,y2
110,6,2016-02-11,44,3,0,0.297661296676755,0,0.297661296676755,0,C,C,C,not bleached,475,y2
110,6,2016-03-31,44,NA,NA,0.12303098055217,0,0.12303098055217,0,C,C,C,not bleached,524,y2
111,2,2014-10-24,44,1,0,0.00075176048127229,NA,0.00075176048127229,0,C,C,C,bleached,0,y1
111,2,2014-11-04,44,1,1,0.000967305155032987,NA,0.000967305155032987,0,C,C,C,bleached,11,y1
111,2,2014-11-24,44,2,1,0.188221447212327,NA,0.188221447212327,0,C,C,C,bleached,31,y1
111,2,2014-12-16,44,2,2,0.221324951871585,NA,0.221324951871585,0,C,C,C,bleached,53,y1
111,2,2015-01-14,44,3,2,NA,NA,NA,NA,NA,NA,NA,NA,82,y1
111,2,2015-05-06,44,2,2,NA,NA,NA,NA,NA,NA,NA,NA,194,y1
111,2,2015-08-11,44,1,2,NA,NA,NA,NA,NA,NA,NA,NA,291,y2
111,2,2015-09-14,44,1,2,NA,NA,NA,NA,NA,NA,NA,NA,325,y2
111,2,2015-10-01,44,1,2,NA,NA,NA,NA,NA,NA,NA,NA,342,y2
111,2,2015-10-21,44,1,2,NA,NA,NA,NA,NA,NA,NA,NA,362,y2
111,2,2015-11-04,44,1,2,NA,NA,NA,NA,NA,NA,NA,NA,376,y2
111,2,2015-12-17,44,3,2,NA,NA,NA,NA,NA,NA,NA,NA,419,y2
111,2,2016-01-20,44,3,2,NA,NA,NA,NA,NA,NA,NA,NA,453,y2
111,2,2016-02-11,44,3,2,NA,NA,NA,NA,NA,NA,NA,NA,475,y2
112,2,2014-10-24,44,3,0,0.00629289609700894,0.0617230567549567,0.0680159528519656,0.90747911580824,DC,D,D,not bleached,0,y1
112,2,2014-11-04,44,3,0,0.00507235117937142,0.079334755576734,0.0844071067561054,0.939906112479036,DC,D,D,not bleached,11,y1
112,2,2014-11-24,44,3,0,0.00181014139255787,2.20330339288239,2.20511353427495,0.999179116465242,DC,D,D,not bleached,31,y1
112,2,2014-12-16,44,3,0,0.00984267038953004,0.60826132709512,0.61810399748465,0.984076028581623,DC,D,D,not bleached,53,y1
112,2,2015-01-14,44,3,0,0.0795053532239152,1.84212042966733,1.92162578289124,0.958625995793888,DC,D,D,not bleached,82,y1
112,2,2015-05-06,44,3,0,NA,NA,NA,NA,NA,NA,NA,NA,194,y1
112,2,2015-08-11,44,3,0,0.00519573495387156,0.162589407019857,0.167785141973728,0.969033402524491,DC,D,D,not bleached,291,y2
112,2,2015-09-14,44,3,0,0,0.328577403013278,0.328577403013278,1,D,D,D,not bleached,325,y2
112,2,2015-10-01,44,3,0,0.00347756585997029,0.0867318186535122,0.0902093845134825,0.961450065547775,DC,D,D,not bleached,342,y2
112,2,2015-10-21,44,3,0,NA,NA,NA,NA,NA,NA,NA,NA,362,y2
112,2,2015-11-04,44,3,0,0.000287857725646777,0.188855561093755,0.189143418819401,0.998478098114946,DC,D,D,not bleached,376,y2
112,2,2015-12-04,44,NA,NA,0.00647386749636284,0.163278322602478,0.169752190098841,0.961862833742567,DC,D,D,not bleached,406,y2
112,2,2015-12-17,44,3,0,6.03303531484668e-05,0.214902649019869,0.214962979373017,0.999719345380658,DC,D,D,not bleached,419,y2
112,2,2016-01-20,44,3,0,0.00195840322315447,0.0918488311048369,0.0938072343279914,0.979123110949982,DC,D,D,not bleached,453,y2
112,2,2016-02-11,44,3,0,0.00732677258929479,0.648219879831988,0.655546652421283,0.98882341544689,DC,D,D,not bleached,475,y2
112,2,2016-03-31,44,NA,NA,0.00414717186966249,0.0549649281288141,0.0591120999984766,0.929842251082784,DC,D,D,not bleached,524,y2
119,5,2014-10-24,44,1,0,0.0107100627487192,2.07259658742395e-05,0.0107307887145934,0.00193144851002919,CD,C,C,bleached,0,y1
119,5,2014-11-04,44,2,0,0.0132436208863233,0.00903052192217529,0.0222741428084986,0.405426237939434,CD,C,C,bleached,11,y1
119,5,2014-11-24,44,2,0,2.72721045988165,0.0680930878044319,2.79530354768609,0.0243598187612928,CD,C,C,bleached,31,y1
119,5,2014-12-16,44,2,0,0.0318610602721051,0.0115376637709052,0.0433987240430103,0.265852603396147,CD,C,C,bleached,53,y1
119,5,2015-01-14,44,2,0,0.320930471848055,0.000767272081566897,0.321697743929622,0.00238507137847617,CD,C,C,bleached,82,y1
119,5,2015-05-06,44,3,0,0.0532207054126467,0.00878404071360539,0.0620047461262521,0.141667231339349,CD,C,C,bleached,194,y1
119,5,2015-08-11,44,2,0,0.0727829104346265,0.00868327609152197,0.0814661865261485,0.106587486929131,CD,C,C,bleached,291,y2
119,5,2015-09-14,44,2,0,0.029870051864482,0.0700051646544421,0.0998752165189241,0.700926286764822,DC,D,C,bleached,325,y2
119,5,2015-10-01,44,2,0,0.0179676252465185,0.011508193318688,0.0294758185652064,0.390428285926293,CD,C,C,bleached,342,y2
119,5,2015-10-21,44,2,0,NA,NA,NA,NA,NA,NA,NA,NA,362,y2
119,5,2015-11-04,44,3,0,0.196301561344861,0.123707525496006,0.320009086840867,0.386575039844174,CD,C,C,bleached,376,y2
119,5,2015-12-04,44,NA,NA,0.0206823446053828,0.181275413714142,0.201957758319525,0.897590739878087,DC,D,C,bleached,406,y2
119,5,2015-12-17,44,3,0,0.428537557060189,0.444376728495858,0.872914285556047,0.509072581178792,DC,D,C,bleached,419,y2
119,5,2016-01-20,44,2,0,0.016976625788683,0.0318459820401957,0.0488226078288787,0.652279414319993,DC,D,C,bleached,453,y2
119,5,2016-02-11,44,3,0,0.0555158506582653,0.160701485642412,0.216217336300677,0.743240520819924,DC,D,C,bleached,475,y2
119,5,2016-03-31,44,NA,NA,0.00148583903942343,0.026905691042883,0.0283915300823064,0.947666116087579,DC,D,C,bleached,524,y2
12,2,2014-10-24,HIMB,3,0,5.43595699361232e-05,0.0518414223480895,0.0518957819180256,0.998952524310704,DC,D,D,not bleached,0,y1
12,2,2014-11-04,HIMB,3,0,0.000236093360871119,0.126030874864743,0.126266968225614,0.998130204881064,DC,D,D,not bleached,11,y1
12,2,2014-11-24,HIMB,3,0,5.36498464661704e-05,0.0527984077001489,0.0528520575466151,0.998984905243872,DC,D,D,not bleached,31,y1
12,2,2014-12-16,HIMB,3,0,6.72866374928213e-05,0.0885839872822196,0.0886512739197124,0.999240996383721,DC,D,D,not bleached,53,y1
12,2,2015-01-14,HIMB,NA,missing,NA,NA,NA,NA,NA,NA,NA,NA,82,y1
12,2,2015-05-06,HIMB,NA,missing,NA,NA,NA,NA,NA,NA,NA,NA,194,y1
12,2,2015-08-11,HIMB,NA,missing,NA,NA,NA,NA,NA,NA,NA,NA,291,y2
12,2,2015-09-14,HIMB,NA,missing,NA,NA,NA,NA,NA,NA,NA,NA,325,y2
12,2,2015-10-01,HIMB,NA,missing,NA,NA,NA,NA,NA,NA,NA,NA,342,y2
12,2,2015-10-21,HIMB,NA,missing,NA,NA,NA,NA,NA,NA,NA,NA,362,y2
12,2,2015-11-04,HIMB,NA,missing,NA,NA,NA,NA,NA,NA,NA,NA,376,y2
12,2,2015-12-17,HIMB,NA,missing,NA,NA,NA,NA,NA,NA,NA,NA,419,y2
12,2,2016-01-20,HIMB,NA,missing,NA,NA,NA,NA,NA,NA,NA,NA,453,y2
12,2,2016-02-11,HIMB,NA,missing,NA,NA,NA,NA,NA,NA,NA,NA,475,y2
120,5,2014-10-24,44,3,0,0.0965384854169613,0.178141989506942,0.274680474923903,0.648542600475312,DC,D,D,not bleached,0,y1
120,5,2014-11-04,44,3,0,0.0330958120032809,0.104946375123247,0.138042187126528,0.760248568265978,DC,D,D,not bleached,11,y1
120,5,2014-11-24,44,3,0,0.0189149680916698,0.0558533756410283,0.0747683437326982,0.74701903041624,DC,D,D,not bleached,31,y1
120,5,2014-12-16,44,3,0,0.0196732947094024,0.07193975301006,0.0916130477194624,0.785256628841276,DC,D,D,not bleached,53,y1
120,5,2015-01-14,44,3,0,NA,NA,NA,NA,NA,NA,NA,NA,82,y1
120,5,2015-05-06,44,3,0,NA,0.375672144508797,0.375672144508797,1,D,D,D,not bleached,194,y1
120,5,2015-08-11,44,3,0,0.0461794100534059,0.258198973741792,0.304378383795198,0.848282885671415,DC,D,D,not bleached,291,y2
120,5,2015-09-14,44,3,0,0.0471105358791023,0.0228407711738674,0.0699513070529697,0.326523865473615,CD,C,D,not bleached,325,y2
120,5,2015-10-01,44,3,0,0.159451939698196,0.644367292676947,0.803819232375143,0.801632091798745,DC,D,D,not bleached,342,y2
120,5,2015-10-21,44,3,0,NA,NA,NA,NA,NA,NA,NA,NA,362,y2
120,5,2015-11-04,44,3,0,0.0213709307621152,0.0583895973029836,0.0797605280650988,0.732061318041016,DC,D,D,not bleached,376,y2
120,5,2015-12-04,44,NA,NA,0.0154451056833047,0.179512370547913,0.194957476231217,0.920777053633034,DC,D,D,not bleached,406,y2
120,5,2015-12-17,44,3,0,0.331284716535559,1.08271622713111,1.41400094366667,0.765711106474584,DC,D,D,not bleached,419,y2
120,5,2016-01-20,44,3,0,0.029920820598753,0.0819566696717532,0.111877490270506,0.73255727737181,DC,D,D,not bleached,453,y2
120,5,2016-02-11,44,3,0,0.00730496741437711,0.034063138346941,0.0413681057613181,0.82341547238047,DC,D,D,not bleached,475,y2
120,5,2016-03-31,44,NA,NA,0.114947225807437,0.431776063484797,0.546723289292234,0.789752461512582,DC,D,D,not bleached,524,y2
121,7,2014-10-24,44,1,0,0.0133426439168747,NA,0.0133426439168747,0,C,C,C,bleached,0,y1
121,7,2014-11-04,44,1,0,0.0244960393870862,NA,0.0244960393870862,0,C,C,C,bleached,11,y1
121,7,2014-11-24,44,2,0,0.0103869339149639,0.000751917769578579,0.0111388516845425,0.0675040651292648,CD,C,C,bleached,31,y1
121,7,2014-12-16,44,2,0,0.131141562822617,NA,0.131141562822617,0,C,C,C,bleached,53,y1
121,7,2015-01-14,44,3,0,NA,NA,NA,NA,NA,NA,NA,NA,82,y1
121,7,2015-05-06,44,3,0,0.151548782059141,NA,0.151548782059141,0,C,C,C,bleached,194,y1
121,7,2015-08-11,44,1,0,0.0681139237798962,0,0.0681139237798962,0,C,C,C,bleached,291,y2
121,7,2015-09-14,44,1,0,0.0442629541965922,0,0.0442629541965922,0,C,C,C,bleached,325,y2
121,7,2015-10-01,44,1,0,0.0327115414096232,0,0.0327115414096232,0,C,C,C,bleached,342,y2
121,7,2015-10-21,44,1,0,0.0446605105128805,0,0.0446605105128805,0,C,C,C,bleached,362,y2
121,7,2015-11-04,44,2,0,1.58259658900958,0,1.58259658900958,0,C,C,C,bleached,376,y2
121,7,2015-12-04,44,NA,NA,0.0871197456867012,0,0.0871197456867012,0,C,C,C,bleached,406,y2
121,7,2015-12-17,44,3,0,0.0479855404716341,0,0.0479855404716341,0,C,C,C,bleached,419,y2
121,7,2016-01-20,44,3,0,0.0615581443457969,0,0.0615581443457969,0,C,C,C,bleached,453,y2
121,7,2016-02-11,44,3,0,0.246326466758045,0,0.246326466758045,0,C,C,C,bleached,475,y2
121,7,2016-03-31,44,NA,NA,0.2494363371037,0,0.2494363371037,0,C,C,C,bleached,524,y2
122,7,2014-10-24,44,3,0,0.0313236931991953,0.000686314393323038,0.0320100075925183,0.0214406195106136,CD,C,C,not bleached,0,y1
122,7,2014-11-04,44,3,0,0.0952471511849979,0.0068737406600897,0.102120891845088,0.0673098377413001,CD,C,C,not bleached,11,y1
122,7,2014-11-24,44,3,0,1.0935404434051,NA,1.0935404434051,0,C,C,C,not bleached,31,y1
122,7,2014-12-16,44,3,0,0.0213675734658489,0.000502217695015023,0.0218697911608639,0.0229639913486574,CD,C,C,not bleached,53,y1
122,7,2015-01-14,44,3,0,NA,NA,NA,NA,NA,NA,NA,NA,82,y1
122,7,2015-05-06,44,3,0,0.0365034492607111,NA,0.0365034492607111,0,C,C,C,not bleached,194,y1
122,7,2015-08-11,44,3,0,0.0831202355518167,0.0118202566548737,0.0949404922066904,0.124501741882066,CD,C,C,not bleached,291,y2
122,7,2015-09-14,44,3,0,0.205875427793946,0.00116593669275412,0.2070413644867,0.00563141909175844,CD,C,C,not bleached,325,y2
122,7,2015-10-01,44,2,0,0.0221798520588516,0,0.0221798520588516,0,C,C,C,not bleached,342,y2
122,7,2015-10-21,44,3,0,0.227737464933869,0.00811667842345873,0.235854143357328,0.0344139742805436,CD,C,C,not bleached,362,y2
122,7,2015-11-04,44,3,0,0.0383452996238116,0.00324111330488334,0.0415864129286949,0.0779368326486978,CD,C,C,not bleached,376,y2
122,7,2015-12-04,44,NA,NA,0.0203150616491833,0.00663037034788671,0.02694543199707,0.246066581846143,CD,C,C,not bleached,406,y2
122,7,2015-12-17,44,3,0,0.0637466594949318,0.00184451235958638,0.0655911718545182,0.0281213508988301,CD,C,C,not bleached,419,y2
122,7,2016-01-20,44,3,0,0.0342867163295837,0.00251819404288744,0.0368049103724711,0.0684200563838616,CD,C,C,not bleached,453,y2
122,7,2016-02-11,44,3,0,0.0387151905438353,0.00771940395737652,0.0464345945012119,0.166242518973113,CD,C,C,not bleached,475,y2
122,7,2016-03-31,44,NA,NA,0.0536712594447858,0,0.0536712594447858,0,C,C,C,not bleached,524,y2
123,10,2014-10-24,44,1,0,0.0861636214586184,NA,0.0861636214586184,0,C,C,C,bleached,0,y1
123,10,2014-11-04,44,NA,No pic,NA,NA,NA,NA,NA,NA,NA,NA,11,y1
123,10,2014-11-24,44,2,0,2.88961504185349,NA,2.88961504185349,0,C,C,C,bleached,31,y1
123,10,2014-12-16,44,2,0,0.395362102458,NA,0.395362102458,0,C,C,C,bleached,53,y1
123,10,2015-01-14,44,3,0,1.51878521818361,NA,1.51878521818361,0,C,C,C,bleached,82,y1
123,10,2015-05-06,44,3,0,0.0109912738377751,2.01150733105017e-05,0.0110113889110856,0.00182675169072006,CD,C,C,bleached,194,y1
123,10,2015-08-11,44,1,0,0.119724768648493,0,0.119724768648493,0,C,C,C,bleached,291,y2
123,10,2015-09-14,44,1,0,0.00818866255605945,0,0.00818866255605945,0,C,C,C,bleached,325,y2
123,10,2015-10-01,44,1,0,0.000534487397836707,0,0.000534487397836707,0,C,C,C,bleached,342,y2
123,10,2015-10-21,44,1,1,NA,NA,NA,NA,NA,NA,NA,NA,362,y2
123,10,2015-11-04,44,1,1,0.431518271489506,0,0.431518271489506,0,C,C,C,bleached,376,y2
123,10,2015-12-04,44,NA,NA,0.0653550964307018,0,0.0653550964307018,0,C,C,C,bleached,406,y2
123,10,2015-12-17,44,3,1,0.26474834171996,0,0.26474834171996,0,C,C,C,bleached,419,y2
123,10,2016-01-20,44,3,1,NA,NA,NA,NA,NA,NA,NA,NA,453,y2
123,10,2016-02-11,44,3,1,0.0302922710455918,0,0.0302922710455918,0,C,C,C,bleached,475,y2
123,10,2016-03-31,44,NA,NA,0.0686019574792313,0,0.0686019574792313,0,C,C,C,bleached,524,y2
124,10,2014-10-24,44,3,0,0.0271751817217466,NA,0.0271751817217466,0,C,C,C,not bleached,0,y1
124,10,2014-11-04,44,NA,No pic,NA,NA,NA,NA,NA,NA,NA,NA,11,y1
124,10,2014-11-24,44,3,0,0.0978837496233768,NA,0.0978837496233768,0,C,C,C,not bleached,31,y1
124,10,2014-12-16,44,3,0,0.109545126907953,NA,0.109545126907953,0,C,C,C,not bleached,53,y1
124,10,2015-01-14,44,3,0,0.037359725830138,NA,0.037359725830138,0,C,C,C,not bleached,82,y1
124,10,2015-05-06,44,3,0,0.110389153001359,NA,0.110389153001359,0,C,C,C,not bleached,194,y1
124,10,2015-08-11,44,3,0,0.0312932118974922,0,0.0312932118974922,0,C,C,C,not bleached,291,y2
124,10,2015-09-14,44,3,0,0.237038540389858,0,0.237038540389858,0,C,C,C,not bleached,325,y2
124,10,2015-10-01,44,3,0,0.0251193606173425,0,0.0251193606173425,0,C,C,C,not bleached,342,y2
124,10,2015-10-21,44,3,0,NA,NA,NA,NA,NA,NA,NA,NA,362,y2
124,10,2015-11-04,44,3,0,0.192168470281804,0,0.192168470281804,0,C,C,C,not bleached,376,y2
124,10,2015-12-04,44,NA,NA,0.0504813237734111,0,0.0504813237734111,0,C,C,C,not bleached,406,y2
124,10,2015-12-17,44,3,0,0.0315841280212886,0,0.0315841280212886,0,C,C,C,not bleached,419,y2
124,10,2016-01-20,44,3,0,0.0639502386357426,0,0.0639502386357426,0,C,C,C,not bleached,453,y2
124,10,2016-02-11,44,3,0,0.1307419071988,0,0.1307419071988,0,C,C,C,not bleached,475,y2
124,10,2016-03-31,44,NA,NA,0.0489649612438373,0,0.0489649612438373,0,C,C,C,not bleached,524,y2
125,7,2014-10-24,44,1,0,0.0015661205512494,NA,0.0015661205512494,0,C,C,C,bleached,0,y1
125,7,2014-11-04,44,2,0,0.0649658960880853,0.00101078632498385,0.0659766824130691,0.0153203569505887,CD,C,C,bleached,11,y1
125,7,2014-11-24,44,2,0,0.0381782516698564,0.000866877141289024,0.0390451288111455,0.0222019280684656,CD,C,C,bleached,31,y1
125,7,2014-12-16,44,2,0,0.133367527755553,0.0556767662703104,0.189044294025864,0.294517041930359,CD,C,C,bleached,53,y1
125,7,2015-01-14,44,2,0,0.0348983564218468,0.0453315088330576,0.0802298652549044,0.565020378496604,DC,D,C,bleached,82,y1
125,7,2015-05-06,44,3,0,0.025914911962734,NA,0.025914911962734,0,C,C,C,bleached,194,y1
125,7,2015-08-11,44,2,0,0.0169478203687033,0.00606534393740038,0.0230131643061036,0.263559754613654,CD,C,C,bleached,291,y2
125,7,2015-09-14,44,1,1,0.0253862929988389,0.0102325191111922,0.0356188121100311,0.287278505515081,CD,C,C,bleached,325,y2
125,7,2015-10-01,44,1,1,0.000592722133759007,0.000121855177507578,0.000714577311266584,0.170527633030484,CD,C,C,bleached,342,y2
125,7,2015-10-21,44,2,1,NA,NA,NA,NA,NA,NA,NA,NA,362,y2
125,7,2015-11-04,44,2,1,0.167089566167166,0.0210090563268985,0.188098622494064,0.111691707511369,CD,C,C,bleached,376,y2
125,7,2015-12-04,44,NA,NA,0.00814874473250091,0.0434471445047694,0.0515958892372703,0.842066008494827,DC,D,C,bleached,406,y2
125,7,2015-12-17,44,2,1,0.179181494659775,0.0156467319580317,0.194828226617807,0.0803103956221179,CD,C,C,bleached,419,y2
125,7,2016-01-20,44,2,1,0.0219359888461032,0.0315964256223019,0.0535324144684051,0.590229787616812,DC,D,C,bleached,453,y2
125,7,2016-02-11,44,2,1,0.00352464470692743,0.0363463718996213,0.0398710166065488,0.911598825239171,DC,D,C,bleached,475,y2
125,7,2016-03-31,44,NA,NA,0.0101755003935713,0.0216379130736113,0.0318134134671826,0.680150625645126,DC,D,C,bleached,524,y2
126,7,2014-10-24,44,3,0,1.34286964128009e-05,0.0406581919677596,0.0406716206641724,0.999669826375406,DC,D,D,not bleached,0,y1
126,7,2014-11-04,44,3,0,NA,0.0449836588644972,0.0449836588644972,1,D,D,D,not bleached,11,y1
126,7,2014-11-24,44,3,0,NA,0.136162591128949,0.136162591128949,1,D,D,D,not bleached,31,y1
126,7,2014-12-16,44,3,0,NA,0.406268908821611,0.406268908821611,1,D,D,D,not bleached,53,y1
126,7,2015-01-14,44,3,0,NA,NA,NA,NA,NA,NA,NA,NA,82,y1
126,7,2015-05-06,44,3,0,NA,0.616030519263336,0.616030519263336,1,D,D,D,not bleached,194,y1
126,7,2015-08-11,44,3,0,0,0.0620491463020152,0.0620491463020152,1,D,D,D,not bleached,291,y2
126,7,2015-09-14,44,3,0,0,0.336296383981617,0.336296383981617,1,D,D,D,not bleached,325,y2
126,7,2015-10-01,44,3,0,0,0.00611939682252855,0.00611939682252855,1,D,D,D,not bleached,342,y2
126,7,2015-10-21,44,3,0,0,0.456569113688657,0.456569113688657,1,D,D,D,not bleached,362,y2
126,7,2015-11-04,44,3,0,0,0.122563828344636,0.122563828344636,1,D,D,D,not bleached,376,y2
126,7,2015-12-04,44,NA,NA,0,0.094742475046927,0.094742475046927,1,D,D,D,not bleached,406,y2
126,7,2015-12-17,44,3,0,0,0.201577311601319,0.201577311601319,1,D,D,D,not bleached,419,y2
126,7,2016-01-20,44,3,0,0,0.296818963293764,0.296818963293764,1,D,D,D,not bleached,453,y2
126,7,2016-02-11,44,3,0,0,0.146188848683835,0.146188848683835,1,D,D,D,not bleached,475,y2
126,7,2016-03-31,44,NA,NA,0,0.036777192752347,0.036777192752347,1,D,D,D,not bleached,524,y2
127,10,2014-10-24,44,1,0,0.0574759771190326,NA,0.0574759771190326,0,C,C,C,bleached,0,y1
127,10,2014-11-04,44,NA,No pic,NA,NA,NA,NA,NA,NA,NA,NA,11,y1
127,10,2014-11-24,44,2,0,2.47962952583053,NA,2.47962952583053,0,C,C,C,bleached,31,y1
127,10,2014-12-16,44,2,0,0.133065478947539,NA,0.133065478947539,0,C,C,C,bleached,53,y1
127,10,2015-01-14,44,3,0,NA,NA,NA,NA,NA,NA,NA,NA,82,y1
127,10,2015-05-06,44,3,0,0.174571495702133,NA,0.174571495702133,0,C,C,C,bleached,194,y1
127,10,2015-08-11,44,3,0,0.170624125022609,0,0.170624125022609,0,C,C,C,bleached,291,y2
127,10,2015-09-14,44,NA,missing,NA,NA,NA,NA,NA,NA,NA,NA,325,y2
127,10,2015-10-01,44,NA,missing,NA,NA,NA,NA,NA,NA,NA,NA,342,y2
127,10,2015-10-21,44,NA,missing,NA,NA,NA,NA,NA,NA,NA,NA,362,y2
127,10,2015-11-04,44,NA,missing,NA,NA,NA,NA,NA,NA,NA,NA,376,y2
127,10,2015-12-17,44,NA,missing,NA,NA,NA,NA,NA,NA,NA,NA,419,y2
127,10,2016-01-20,44,NA,missing,NA,NA,NA,NA,NA,NA,NA,NA,453,y2
127,10,2016-02-11,44,NA,missing,NA,NA,NA,NA,NA,NA,NA,NA,475,y2
128,10,2014-10-24,44,3,0,0.355929119353485,0.0102058738628882,0.366134993216373,0.0278746201591741,CD,C,C,not bleached,0,y1
128,10,2014-11-04,44,NA,No pic,NA,NA,NA,NA,NA,NA,NA,NA,11,y1
128,10,2014-11-24,44,3,0,0.974706380068116,0.245004671342642,1.21971105141076,0.200871076030066,CD,C,C,not bleached,31,y1
128,10,2014-12-16,44,3,0,0.0443228204043013,0.0839062821800462,0.128229102584347,0.654346638079711,DC,D,C,not bleached,53,y1
128,10,2015-01-14,44,NA,missing,NA,NA,NA,NA,NA,NA,NA,NA,82,y1
128,10,2015-05-06,44,NA,missing,NA,NA,NA,NA,NA,NA,NA,NA,194,y1
128,10,2015-08-11,44,NA,missing,NA,NA,NA,NA,NA,NA,NA,NA,291,y2
128,10,2015-09-14,44,NA,missing,NA,NA,NA,NA,NA,NA,NA,NA,325,y2
128,10,2015-10-01,44,NA,missing,NA,NA,NA,NA,NA,NA,NA,NA,342,y2
128,10,2015-10-21,44,NA,missing,NA,NA,NA,NA,NA,NA,NA,NA,362,y2
128,10,2015-11-04,44,NA,missing,NA,NA,NA,NA,NA,NA,NA,NA,376,y2
128,10,2015-12-17,44,NA,missing,NA,NA,NA,NA,NA,NA,NA,NA,419,y2
128,10,2016-01-20,44,NA,missing,NA,NA,NA,NA,NA,NA,NA,NA,453,y2
128,10,2016-02-11,44,NA,missing,NA,NA,NA,NA,NA,NA,NA,NA,475,y2
129,6,2014-10-24,44,1,0,0.00323871096569454,NA,0.00323871096569454,0,C,C,C,bleached,0,y1
129,6,2014-11-04,44,1,1,0.00857509362184629,NA,0.00857509362184629,0,C,C,C,bleached,11,y1
129,6,2014-11-24,44,1,2,0.00760770881199622,NA,0.00760770881199622,0,C,C,C,bleached,31,y1
129,6,2014-12-16,44,0,3,NA,NA,NA,NA,NA,NA,NA,NA,53,y1
129,6,2015-01-14,44,0,3,NA,NA,NA,NA,NA,NA,NA,NA,82,y1
129,6,2015-05-06,44,0,3,NA,NA,NA,NA,NA,NA,NA,NA,194,y1
129,6,2015-08-11,44,0,3,NA,NA,NA,NA,NA,NA,NA,NA,291,y2
129,6,2015-09-14,44,0,3,NA,NA,NA,NA,NA,NA,NA,NA,325,y2
129,6,2015-10-01,44,0,3,NA,NA,NA,NA,NA,NA,NA,NA,342,y2
129,6,2015-10-21,44,0,3,NA,NA,NA,NA,NA,NA,NA,NA,362,y2
129,6,2015-11-04,44,0,3,NA,NA,NA,NA,NA,NA,NA,NA,376,y2
129,6,2015-12-17,44,0,3,NA,NA,NA,NA,NA,NA,NA,NA,419,y2
129,6,2016-01-20,44,0,3,NA,NA,NA,NA,NA,NA,NA,NA,453,y2
129,6,2016-02-11,44,0,3,NA,NA,NA,NA,NA,NA,NA,NA,475,y2
130,6,2014-10-24,44,3,0,3.20747001393898,NA,3.20747001393898,0,C,C,C,not bleached,0,y1
130,6,2014-11-04,44,3,0,0.552223461459386,NA,0.552223461459386,0,C,C,C,not bleached,11,y1
130,6,2014-11-24,44,3,0,0.114934402775876,NA,0.114934402775876,0,C,C,C,not bleached,31,y1
130,6,2014-12-16,44,3,0,NA,NA,NA,NA,NA,NA,NA,NA,53,y1
130,6,2015-01-14,44,3,0,0.094899042937605,NA,0.094899042937605,0,C,C,C,not bleached,82,y1
130,6,2015-05-06,44,3,0,0.862765805087666,NA,0.862765805087666,0,C,C,C,not bleached,194,y1
130,6,2015-08-11,44,2,0,NA,NA,NA,NA,NA,NA,NA,NA,291,y2
130,6,2015-09-14,44,1,0,0.000307749376204987,0,0.000307749376204987,0,C,C,C,not bleached,325,y2
130,6,2015-10-01,44,1,2,NA,NA,NA,NA,NA,NA,NA,NA,342,y2
130,6,2015-10-21,44,0,3,NA,NA,NA,NA,NA,NA,NA,NA,362,y2
130,6,2015-11-04,44,0,3,NA,NA,NA,NA,NA,NA,NA,NA,376,y2
130,6,2015-12-17,44,0,3,NA,NA,NA,NA,NA,NA,NA,NA,419,y2
130,6,2016-01-20,44,0,3,NA,NA,NA,NA,NA,NA,NA,NA,453,y2
130,6,2016-02-11,44,0,3,NA,NA,NA,NA,NA,NA,NA,NA,475,y2
131,8,2014-10-24,44,1,0,0.00409633209866378,NA,0.00409633209866378,0,C,C,C,bleached,0,y1
131,8,2014-11-04,44,1,0,0.00283360797493417,NA,0.00283360797493417,0,C,C,C,bleached,11,y1
131,8,2014-11-24,44,2,0,0.0155623810777701,NA,0.0155623810777701,0,C,C,C,bleached,31,y1
131,8,2014-12-16,44,2,0,0.0206060813987968,NA,0.0206060813987968,0,C,C,C,bleached,53,y1
131,8,2015-01-14,44,2,0,0.0309017133900946,NA,0.0309017133900946,0,C,C,C,bleached,82,y1
131,8,2015-05-06,44,3,0,0.167194218757892,NA,0.167194218757892,0,C,C,C,bleached,194,y1
131,8,2015-08-11,44,2,0,0.0285402850234178,0,0.0285402850234178,0,C,C,C,bleached,291,y2
131,8,2015-09-14,44,1,1,0.00033195919926521,0,0.00033195919926521,0,C,C,C,bleached,325,y2
131,8,2015-10-01,44,1,1,0.000115633220523176,0,0.000115633220523176,0,C,C,C,bleached,342,y2
131,8,2015-10-21,44,1,1,NA,NA,NA,NA,NA,NA,NA,NA,362,y2
131,8,2015-11-04,44,1,2,0.00704489320967092,0,0.00704489320967092,0,C,C,C,bleached,376,y2
131,8,2015-12-04,44,NA,NA,0.0032279714922427,0,0.0032279714922427,0,C,C,C,bleached,406,y2
131,8,2015-12-17,44,2,2,NA,NA,NA,NA,NA,NA,NA,NA,419,y2
131,8,2016-01-20,44,2,2,0.110345029728849,0,0.110345029728849,0,C,C,C,bleached,453,y2
131,8,2016-02-11,44,2,2,0.0514456731010674,0,0.0514456731010674,0,C,C,C,bleached,475,y2
131,8,2016-03-31,44,NA,NA,0.0341562535956023,0,0.0341562535956023,0,C,C,C,bleached,524,y2
132,8,2014-10-24,44,3,0,0.0994046832236095,NA,0.0994046832236095,0,C,C,C,not bleached,0,y1
132,8,2014-11-04,44,3,0,0.0298321590229153,NA,0.0298321590229153,0,C,C,C,not bleached,11,y1
132,8,2014-11-24,44,3,0,0.186892983576306,NA,0.186892983576306,0,C,C,C,not bleached,31,y1
132,8,2014-12-16,44,3,0,0.0206257872802501,NA,0.0206257872802501,0,C,C,C,not bleached,53,y1
132,8,2015-01-14,44,3,0,0.0561927666319683,NA,0.0561927666319683,0,C,C,C,not bleached,82,y1
132,8,2015-05-06,44,3,0,0.109776151502657,NA,0.109776151502657,0,C,C,C,not bleached,194,y1
132,8,2015-08-11,44,3,0,0.0347834188754169,0,0.0347834188754169,0,C,C,C,not bleached,291,y2
132,8,2015-09-14,44,3,0,0.0652826554865935,0,0.0652826554865935,0,C,C,C,not bleached,325,y2
132,8,2015-10-01,44,3,1,0.048518997529211,0,0.048518997529211,0,C,C,C,not bleached,342,y2
132,8,2015-10-21,44,3,1,0.0440899469984034,0,0.0440899469984034,0,C,C,C,not bleached,362,y2
132,8,2015-11-04,44,3,1,0.177919131129277,0,0.177919131129277,0,C,C,C,not bleached,376,y2
132,8,2015-12-04,44,NA,NA,0.0400610363374097,0,0.0400610363374097,0,C,C,C,not bleached,406,y2
132,8,2015-12-17,44,3,1,0.0732561429373197,0,0.0732561429373197,0,C,C,C,not bleached,419,y2
132,8,2016-01-20,44,3,1,0.0835766390123951,0,0.0835766390123951,0,C,C,C,not bleached,453,y2
132,8,2016-02-11,44,3,2,0.0965181151792574,0,0.0965181151792574,0,C,C,C,not bleached,475,y2
132,8,2016-03-31,44,NA,NA,0.0437550562808812,0,0.0437550562808812,0,C,C,C,not bleached,524,y2
137,1,2014-10-24,44,1,0,2.28880502930263,0.00188697290986296,2.29069200221249,0.000823756711090101,CD,C,C,bleached,0,y1
137,1,2014-11-04,44,2,0,0.0356341117460288,NA,0.0356341117460288,0,C,C,C,bleached,11,y1
137,1,2014-11-24,44,2,0,0.224834967398115,NA,0.224834967398115,0,C,C,C,bleached,31,y1
137,1,2014-12-16,44,2,0,0.082035890175297,NA,0.082035890175297,0,C,C,C,bleached,53,y1
137,1,2015-01-14,44,3,0,NA,NA,NA,NA,NA,NA,NA,NA,82,y1
137,1,2015-05-06,44,3,0,NA,NA,NA,NA,NA,NA,NA,NA,194,y1
137,1,2015-08-11,44,1,0,0.480195421413838,0,0.480195421413838,0,C,C,C,bleached,291,y2
137,1,2015-09-14,44,1,0,0.0200444070788721,0,0.0200444070788721,0,C,C,C,bleached,325,y2
137,1,2015-10-01,44,1,0,0.0642991534150874,0,0.0642991534150874,0,C,C,C,bleached,342,y2
137,1,2015-10-21,44,1,0,NA,NA,NA,NA,NA,NA,NA,NA,362,y2
137,1,2015-11-04,44,2,0,0.0630086431571893,0,0.0630086431571893,0,C,C,C,bleached,376,y2
137,1,2015-12-04,44,NA,NA,0.0527931131517859,0,0.0527931131517859,0,C,C,C,bleached,406,y2
137,1,2015-12-17,44,2,0,NA,NA,NA,NA,NA,NA,NA,NA,419,y2
137,1,2016-01-20,44,2,0,0.0904361604628673,0,0.0904361604628673,0,C,C,C,bleached,453,y2
137,1,2016-02-11,44,3,0,0.136596606963036,0,0.136596606963036,0,C,C,C,bleached,475,y2
137,1,2016-03-31,44,NA,NA,0.0788821974883294,0,0.0788821974883294,0,C,C,C,bleached,524,y2
138,1,2014-10-24,44,3,0,0.00401629041296108,0.0251356937160048,0.0291519841289658,0.862229260444388,DC,D,D,not bleached,0,y1
138,1,2014-11-04,44,3,0,0.0123320313545437,0.949483260952649,0.961815292307193,0.987178378787302,DC,D,D,not bleached,11,y1
138,1,2014-11-24,44,3,0,NA,NA,NA,NA,NA,NA,NA,NA,31,y1
138,1,2014-12-16,44,3,0,0.000115938163845996,0.0849848530711872,0.0851007912350333,0.998637637063493,DC,D,D,not bleached,53,y1
138,1,2015-01-14,44,3,0,0.015050015081052,0.192065790221434,0.207115805302486,0.927335265123432,DC,D,D,not bleached,82,y1
138,1,2015-05-06,44,3,0,0.000849209839549009,0.417286093309138,0.418135303148687,0.997969054913196,DC,D,D,not bleached,194,y1
138,1,2015-08-11,44,3,0,0.000458526759771332,0.105473697109035,0.105932223868807,0.995671508224549,DC,D,D,not bleached,291,y2
138,1,2015-09-14,44,3,0,0.00146950252460722,0.288042814006838,0.289512316531445,0.994924214132881,DC,D,D,not bleached,325,y2
138,1,2015-10-01,44,3,0,0,0.0284664257877655,0.0284664257877655,1,D,D,D,not bleached,342,y2
138,1,2015-10-21,44,3,0,0,0.0667890392439075,0.0667890392439075,1,D,D,D,not bleached,362,y2
138,1,2015-11-04,44,3,0,0,0.410671054951041,0.410671054951041,1,D,D,D,not bleached,376,y2
138,1,2015-12-04,44,NA,NA,0,0.113542567195619,0.113542567195619,1,D,D,D,not bleached,406,y2
138,1,2015-12-17,44,3,0,NA,NA,NA,NA,NA,NA,NA,NA,419,y2
138,1,2016-01-20,44,3,0,0,0.152259607723181,0.152259607723181,1,D,D,D,not bleached,453,y2
138,1,2016-02-11,44,3,0,0,0.580736320616386,0.580736320616386,1,D,D,D,not bleached,475,y2
138,1,2016-03-31,44,NA,NA,0,0.170879966156452,0.170879966156452,1,D,D,D,not bleached,524,y2
19,5,2014-10-24,HIMB,1,0,0.0153539185785561,NA,0.0153539185785561,0,C,C,C,bleached,0,y1
19,5,2014-11-04,HIMB,1,0,0.0141599683196382,2.89975818321247e-05,0.0141889659014703,0.00204367126071674,CD,C,C,bleached,11,y1
19,5,2014-11-24,HIMB,1,1,0.0164476072785401,0.000303944800891667,0.0167515520794318,0.018144276987018,CD,C,C,bleached,31,y1
19,5,2014-12-16,HIMB,2,1,0.0166823065311559,NA,0.0166823065311559,0,C,C,C,bleached,53,y1
19,5,2015-01-14,HIMB,2,1,0.0578993351745811,NA,0.0578993351745811,0,C,C,C,bleached,82,y1
19,5,2015-05-06,HIMB,2,1,0.0109148808584592,NA,0.0109148808584592,0,C,C,C,bleached,194,y1
19,5,2015-08-11,HIMB,2,1,0.0449213019753021,0,0.0449213019753021,0,C,C,C,bleached,291,y2
19,5,2015-09-14,HIMB,1,1,0.00341249714148347,0,0.00341249714148347,0,C,C,C,bleached,325,y2
19,5,2015-10-01,HIMB,1,1,0.00331332067084787,0,0.00331332067084787,0,C,C,C,bleached,342,y2
19,5,2015-10-21,HIMB,1,1,0.00137742888637242,0,0.00137742888637242,0,C,C,C,bleached,362,y2
19,5,2015-11-04,HIMB,1,1,0.00958865084500781,0,0.00958865084500781,0,C,C,C,bleached,376,y2
19,5,2015-12-04,HIMB,NA,NA,0.018222864306263,0,0.018222864306263,0,C,C,C,bleached,406,y2
19,5,2015-12-17,HIMB,1,2,0.207523058542461,0,0.207523058542461,0,C,C,C,bleached,419,y2
19,5,2016-01-20,HIMB,1,2,0.082583281304467,0,0.082583281304467,0,C,C,C,bleached,453,y2
19,5,2016-02-11,HIMB,1,2,0.0337690066743939,0,0.0337690066743939,0,C,C,C,bleached,475,y2
19,5,2016-03-31,HIMB,NA,NA,0.0285027227888129,0,0.0285027227888129,0,C,C,C,bleached,524,y2
2,5,2014-10-24,HIMB,3,0,0.00565165299096516,0.0480832761163127,0.0537349291072778,0.89482347730129,DC,D,D,not bleached,0,y1
2,5,2014-11-04,HIMB,3,0,NA,0.155172484265082,0.155172484265082,1,D,D,D,not bleached,11,y1
2,5,2014-11-24,HIMB,3,0,0.00867064800239982,0.0832207757289665,0.0918914237313663,0.905642467486983,DC,D,D,not bleached,31,y1
2,5,2014-12-16,HIMB,3,0,9.33387192985383e-06,0.127093546564757,0.127102880436687,0.999926564434277,DC,D,D,not bleached,53,y1
2,5,2015-01-14,HIMB,NA,missing,NA,NA,NA,NA,NA,NA,NA,NA,82,y1
2,5,2015-05-06,HIMB,NA,missing,NA,NA,NA,NA,NA,NA,NA,NA,194,y1
2,5,2015-08-11,HIMB,NA,missing,NA,NA,NA,NA,NA,NA,NA,NA,291,y2
2,5,2015-09-14,HIMB,NA,missing,NA,NA,NA,NA,NA,NA,NA,NA,325,y2
2,5,2015-10-01,HIMB,NA,missing,NA,NA,NA,NA,NA,NA,NA,NA,342,y2
2,5,2015-10-21,HIMB,NA,missing,NA,NA,NA,NA,NA,NA,NA,NA,362,y2
2,5,2015-11-04,HIMB,NA,missing,NA,NA,NA,NA,NA,NA,NA,NA,376,y2
2,5,2015-12-17,HIMB,NA,missing,NA,NA,NA,NA,NA,NA,NA,NA,419,y2
2,5,2016-01-20,HIMB,NA,missing,NA,NA,NA,NA,NA,NA,NA,NA,453,y2
2,5,2016-02-11,HIMB,NA,missing,NA,NA,NA,NA,NA,NA,NA,NA,475,y2
20,5,2014-10-24,HIMB,3,0,NA,NA,NA,NA,NA,NA,NA,NA,0,y1
20,5,2014-11-04,HIMB,3,0,NA,0.588199152854704,0.588199152854704,1,D,D,D,not bleached,11,y1
20,5,2014-11-24,HIMB,3,0,NA,NA,NA,NA,NA,NA,NA,NA,31,y1
20,5,2014-12-16,HIMB,3,0,NA,0.0764118678271293,0.0764118678271293,1,D,D,D,not bleached,53,y1
20,5,2015-01-14,HIMB,3,0,NA,NA,NA,NA,NA,NA,NA,NA,82,y1
20,5,2015-05-06,HIMB,3,0,NA,0.329045534117168,0.329045534117168,1,D,D,D,not bleached,194,y1
20,5,2015-08-11,HIMB,3,0,0,0.402568214567198,0.402568214567198,1,D,D,D,not bleached,291,y2
20,5,2015-09-14,HIMB,3,0,0,0.0184543555961727,0.0184543555961727,1,D,D,D,not bleached,325,y2
20,5,2015-10-01,HIMB,3,0,0,0.677388392922436,0.677388392922436,1,D,D,D,not bleached,342,y2
20,5,2015-10-21,HIMB,3,0,0,0.0755960766043167,0.0755960766043167,1,D,D,D,not bleached,362,y2
20,5,2015-11-04,HIMB,3,0,0,0.0480824817312301,0.0480824817312301,1,D,D,D,not bleached,376,y2
20,5,2015-12-04,HIMB,NA,NA,0,0.108206207599061,0.108206207599061,1,D,D,D,not bleached,406,y2
20,5,2015-12-17,HIMB,3,0,0.000202504775804183,0.309123485504699,0.309325990280504,0.999345335399652,DC,D,D,not bleached,419,y2
20,5,2016-01-20,HIMB,3,0,0,0.142793792717132,0.142793792717132,1,D,D,D,not bleached,453,y2
20,5,2016-02-11,HIMB,3,0,0,0.185090810142229,0.185090810142229,1,D,D,D,not bleached,475,y2
20,5,2016-03-31,HIMB,NA,NA,0,0.0596350851118059,0.0596350851118059,1,D,D,D,not bleached,524,y2
201,5,2015-10-01,42,1,0,7.60492503795437e-05,0,7.60492503795437e-05,0,C,C,C,bleached,342,y2
201,5,2015-10-21,42,1,0,0.000236707584384752,0,0.000236707584384752,0,C,C,C,bleached,362,y2
201,5,2015-11-04,42,1,2,0.000100744838915315,0,0.000100744838915315,0,C,C,C,bleached,376,y2
201,5,2015-12-04,42,NA,NA,0.00699380628905123,0.564660325117856,0.571654131406907,0.987765668251468,DC,D,C,bleached,406,y2
201,5,2015-12-17,42,2,2,0.0272744431624795,0,0.0272744431624795,0,C,C,C,bleached,419,y2
201,5,2016-01-20,42,3,2,0.641576655112639,0,0.641576655112639,0,C,C,C,bleached,453,y2
201,5,2016-02-11,42,3,2,0.00827711405665993,0.808379797012534,0.816656911069194,0.989864637224678,DC,D,C,bleached,475,y2
201,5,2016-03-31,42,NA,NA,0.0104246557488889,0.433455312905775,0.443879968654663,0.9765146965733,DC,D,C,bleached,524,y2
202,5,2015-10-01,42,3,0,0.0255584393067499,0,0.0255584393067499,0,C,C,C,not bleached,342,y2
202,5,2015-10-21,42,3,0,0.0132152135902432,0,0.0132152135902432,0,C,C,C,not bleached,362,y2
202,5,2015-11-04,42,3,0,0.105644791975978,0,0.105644791975978,0,C,C,C,not bleached,376,y2
202,5,2015-12-04,42,NA,NA,0.0418506416630416,0,0.0418506416630416,0,C,C,C,not bleached,406,y2
202,5,2015-12-17,42,3,0,0.0474398596813671,0,0.0474398596813671,0,C,C,C,not bleached,419,y2
202,5,2016-01-20,42,3,0,0.0465925645868098,0,0.0465925645868098,0,C,C,C,not bleached,453,y2
202,5,2016-02-11,42,3,0,0.0177916429720518,0,0.0177916429720518,0,C,C,C,not bleached,475,y2
202,5,2016-03-31,42,NA,NA,0.0122662966141591,0,0.0122662966141591,0,C,C,C,not bleached,524,y2
205,3,2015-10-01,42,1,0,NA,NA,NA,NA,NA,NA,NA,NA,342,y2
205,3,2015-10-21,42,1,0,0.00501144912486261,0,0.00501144912486261,0,C,C,C,bleached,362,y2
205,3,2015-11-04,42,2,0,0.151994766318151,0,0.151994766318151,0,C,C,C,bleached,376,y2
205,3,2015-12-04,42,NA,NA,0.0193871366480541,0,0.0193871366480541,0,C,C,C,bleached,406,y2
205,3,2015-12-17,42,2,0,NA,NA,NA,NA,NA,NA,NA,NA,419,y2
205,3,2016-01-20,42,2,0,0.0878839517417114,0,0.0878839517417114,0,C,C,C,bleached,453,y2
205,3,2016-02-11,42,2,0,0.0561758380687504,0,0.0561758380687504,0,C,C,C,bleached,475,y2
205,3,2016-03-31,42,NA,NA,0.0328433148070417,0,0.0328433148070417,0,C,C,C,bleached,524,y2
206,3,2015-10-01,42,3,0,0.00141360381404483,0.161746362328202,0.163159966142247,0.991336086618133,DC,D,D,not bleached,342,y2
206,3,2015-10-21,42,3,0,0.0422909726900762,0.0551175347285712,0.0974085074186473,0.565839023604829,DC,D,D,not bleached,362,y2
206,3,2015-11-04,42,3,0,0.0951695297607277,0.0662978167265384,0.161467346487266,0.410595814998216,CD,C,D,not bleached,376,y2
206,3,2015-12-04,42,NA,NA,0.0557588088792385,0.104904987265848,0.160663796145087,0.652947271151954,DC,D,D,not bleached,406,y2
206,3,2015-12-17,42,3,0,NA,NA,NA,NA,NA,NA,NA,NA,419,y2
206,3,2016-01-20,42,3,0,0.197934301282714,0.0731476421595073,0.271081943442222,0.269835907293095,CD,C,D,not bleached,453,y2
206,3,2016-02-11,42,3,0,0.00942425017669412,0.0592827084382297,0.0687069586149238,0.862834123840157,DC,D,D,not bleached,475,y2
206,3,2016-03-31,42,NA,NA,0.00600838740714243,0.0375473570749468,0.0435557444820892,0.862052928297135,DC,D,D,not bleached,524,y2
207,5,2015-10-01,42,1,0,0.00166344923349334,0.037328081473017,0.0389915307065104,0.95733819105451,DC,D,D,bleached,342,y2
207,5,2015-10-21,42,2,0,0.16828092434421,0.291123896594739,0.459404820938949,0.633697957282488,DC,D,D,bleached,362,y2
207,5,2015-11-04,42,2,0,0.00253138656683426,0.131647786683302,0.134179173250136,0.981134281084626,DC,D,D,bleached,376,y2
207,5,2015-12-04,42,NA,NA,5.89067936244782e-05,0.133832941803448,0.133891848597073,0.99956004197237,DC,D,D,bleached,406,y2
207,5,2015-12-17,42,3,0,0.00262101904653485,0.0239804937109006,0.0266015127574354,0.901471052776792,DC,D,D,bleached,419,y2
207,5,2016-01-20,42,3,0,0.00136886278467326,0.163987206427369,0.165356069212042,0.991721726385997,DC,D,D,bleached,453,y2
207,5,2016-02-11,42,3,0,0.000241597568055913,0.0659220616109996,0.0661636591790555,0.996348485391322,DC,D,D,bleached,475,y2
207,5,2016-03-31,42,NA,NA,0.000529545970773979,0.0520558882328392,0.0525854342036132,0.989929797503933,DC,D,D,bleached,524,y2
208,5,2015-10-01,42,3,0,0.0537662086421323,0.209316097466602,0.263082306108734,0.795629704492896,DC,D,D,not bleached,342,y2
208,5,2015-10-21,42,3,0,0.00509110153179361,0.0597302334858025,0.0648213350175961,0.921459477340113,DC,D,D,not bleached,362,y2
208,5,2015-11-04,42,3,0,0.774664510708018,2.31017985021724,3.08484436092526,0.748880520352843,DC,D,D,not bleached,376,y2
208,5,2015-12-04,42,NA,NA,0.0120155254701972,0.104872270800244,0.116887796270441,0.897204619698731,DC,D,D,not bleached,406,y2
208,5,2015-12-17,42,3,0,NA,NA,NA,NA,NA,NA,NA,NA,419,y2
208,5,2016-01-20,42,3,0,0.00540156640944864,0.0327605904983315,0.0381621569077802,0.858457517941094,DC,D,D,not bleached,453,y2
208,5,2016-02-11,42,3,0,0.00479083736016492,0.0546079637286919,0.0593988010888568,0.919344544463143,DC,D,D,not bleached,475,y2
208,5,2016-03-31,42,NA,NA,0.00464741293405909,0.0327220097849979,0.0373694227190569,0.875635945221892,DC,D,D,not bleached,524,y2
211,7,2015-10-01,42,1,0,0.541879341730768,0,0.541879341730768,0,C,C,C,bleached,342,y2
211,7,2015-10-21,42,1,0,NA,NA,NA,NA,NA,NA,NA,NA,362,y2
211,7,2015-11-04,42,2,0,0.0263691257903921,0,0.0263691257903921,0,C,C,C,bleached,376,y2
211,7,2015-12-04,42,NA,NA,0.0422309219344018,0,0.0422309219344018,0,C,C,C,bleached,406,y2
211,7,2015-12-17,42,3,0,0.127608253890486,0,0.127608253890486,0,C,C,C,bleached,419,y2
211,7,2016-01-20,42,3,0,0.0647531215618324,0,0.0647531215618324,0,C,C,C,bleached,453,y2
211,7,2016-02-11,42,3,0,0.065248726440099,0,0.065248726440099,0,C,C,C,bleached,475,y2
211,7,2016-03-31,42,NA,NA,0.0255832534088831,0,0.0255832534088831,0,C,C,C,bleached,524,y2
212,7,2015-10-01,42,3,0,0.0616328601468906,0.208714852159891,0.270347712306782,0.772023740755936,DC,D,D,not bleached,342,y2
212,7,2015-10-21,42,3,0,0.0118986652207301,0.115115592938159,0.127014258158889,0.906320240001359,DC,D,D,not bleached,362,y2
212,7,2015-11-04,42,3,0,0.217742291839093,2.61798198818066,2.83572428001975,0.923214575770541,DC,D,D,not bleached,376,y2
212,7,2015-12-04,42,NA,NA,0.00555573519606542,0.0287310628047532,0.0342867980008186,0.837962845176363,DC,D,D,not bleached,406,y2
212,7,2015-12-17,42,3,0,0.0655797200300359,0.371698603116451,0.437278323146487,0.850027507519354,DC,D,D,not bleached,419,y2
212,7,2016-01-20,42,3,0,0.0906589682511833,0.0209930438271595,0.111652012078343,0.188022082507831,CD,C,D,not bleached,453,y2
212,7,2016-02-11,42,3,0,0.00288001801808603,0.0234593226957162,0.0263393407138022,0.890657171362803,DC,D,D,not bleached,475,y2
212,7,2016-03-31,42,NA,NA,0.0377924943843387,0.161264989707464,0.199057484091803,0.810142810973592,DC,D,D,not bleached,524,y2
215,2,2015-10-01,42,1,0,0,0,2e-05,NA,NA,NA,C,bleached,342,y2
215,2,2015-10-21,42,1,0,NA,NA,NA,NA,NA,NA,NA,NA,362,y2
215,2,2015-11-04,42,1,0,0.00683635747328936,0,0.00683635747328936,0,C,C,C,bleached,376,y2
215,2,2015-12-04,42,NA,NA,0.00401007115874735,0,0.00401007115874735,0,C,C,C,bleached,406,y2
215,2,2015-12-17,42,1,0,0.0166312861677828,0.000524309087400167,0.017155595255183,0.0305619874799602,CD,C,C,bleached,419,y2
215,2,2016-01-20,42,2,0,0.00312862302964838,0.0216852092024142,0.0248138322320626,0.873916168998443,DC,D,C,bleached,453,y2
215,2,2016-02-11,42,2,0,0.0326130584364407,2.74224062849204,2.77485368692848,0.98824692682354,DC,D,C,bleached,475,y2
215,2,2016-03-31,42,NA,NA,0.0304533247352851,0.0602228657448751,0.0906761904801603,0.664153019949065,DC,D,C,bleached,524,y2
216,2,2015-10-01,42,3,0,0,0.0100337532248928,0.0100337532248928,1,D,D,D,not bleached,342,y2
216,2,2015-10-21,42,3,0,0,0.0294835728291974,0.0294835728291974,1,D,D,D,not bleached,362,y2
216,2,2015-11-04,42,3,0,0,0.0539346103529815,0.0539346103529815,1,D,D,D,not bleached,376,y2
216,2,2015-12-04,42,NA,NA,0,0.00875853426639119,0.00875853426639119,1,D,D,D,not bleached,406,y2
216,2,2015-12-17,42,3,0,0,0.395542650682405,0.395542650682405,1,D,D,D,not bleached,419,y2
216,2,2016-01-20,42,3,0,0,0.044254107326666,0.044254107326666,1,D,D,D,not bleached,453,y2
216,2,2016-02-11,42,3,0,NA,NA,NA,NA,NA,NA,NA,NA,475,y2
216,2,2016-03-31,42,NA,NA,0,0.0485378888936574,0.0485378888936574,1,D,D,D,not bleached,524,y2
223,2,2015-10-01,42,1,0,0.000659103911566009,0,0.000659103911566009,0,C,C,D,bleached,342,y2
223,2,2015-10-21,42,1,0,0.00219683701263712,0.00295762564122556,0.00515446265386268,0.573799024231781,DC,D,D,bleached,362,y2
223,2,2015-11-04,42,1,0,0.000210410387988274,0.0349383471957931,0.0351487575837813,0.9940137176261,DC,D,D,bleached,376,y2
223,2,2015-12-04,42,NA,NA,0.0404558894889675,0.017952830990938,0.0584087204799056,0.307365592730531,CD,C,D,bleached,406,y2
223,2,2015-12-17,42,2,0,NA,NA,NA,NA,NA,NA,NA,NA,419,y2
223,2,2016-01-20,42,NA,No pic,0.0215845608798923,0.0351460208815854,0.0567305817614777,0.619525127194287,DC,D,D,bleached,453,y2
223,2,2016-02-11,42,3,0,0.02146371409611,0.0496230826912534,0.0710867967873634,0.698063282267271,DC,D,D,bleached,475,y2
223,2,2016-03-31,42,NA,NA,0.01127009551604,0.0209262145874803,0.0321963101035203,0.649956921156387,DC,D,D,bleached,524,y2
224,2,2015-10-01,42,3,0,0.539050952893332,0,0.539050952893332,0,C,C,C,not bleached,342,y2
224,2,2015-10-21,42,3,0,0.0234778409507967,0,0.0234778409507967,0,C,C,C,not bleached,362,y2
224,2,2015-11-04,42,3,0,NA,NA,NA,NA,NA,NA,NA,NA,376,y2
224,2,2015-12-17,42,3,0,NA,NA,NA,NA,NA,NA,NA,NA,419,y2
224,2,2016-01-20,42,NA,No pic,NA,NA,NA,NA,NA,NA,NA,NA,453,y2
224,2,2016-02-11,42,3,0,0.0143167074725243,0,0.0143167074725243,0,C,C,C,not bleached,475,y2
224,2,2016-03-31,42,NA,NA,0.0845672897157638,0,0.0845672897157638,0,C,C,C,not bleached,524,y2
227,4,2015-10-01,42,1,0,0,0.000126985832769667,0.000126985832769667,1,D,D,C,bleached,342,y2
227,4,2015-10-21,42,1,0,0.000120251586882114,0,0.000120251586882114,0,C,C,C,bleached,362,y2
227,4,2015-11-04,42,1,2,0.0947220131115511,0,0.0947220131115511,0,C,C,C,bleached,376,y2
227,4,2015-12-04,42,NA,NA,0.0281903178120161,0.00130979357221223,0.0295001113842283,0.0443996144676417,CD,C,C,bleached,406,y2
227,4,2015-12-17,42,2,2,0.0106083460487554,0.0169850016844502,0.0275933477332056,0.615546973447177,DC,D,C,bleached,419,y2
227,4,2016-01-20,42,3,2,0.00577763008416579,0.0289258902411351,0.0347035203253009,0.833514582094037,DC,D,C,bleached,453,y2
227,4,2016-02-11,42,3,2,0.128411254138012,0.000844014363519734,0.129255268501532,0.0065298256179765,CD,C,C,bleached,475,y2
227,4,2016-03-31,42,NA,NA,0.254007597211795,0,0.254007597211795,0,C,C,C,bleached,524,y2
228,4,2015-10-01,42,3,0,0.0508941467054971,0,0.0508941467054971,0,C,C,C,not bleached,342,y2
228,4,2015-10-21,42,3,0,NA,NA,NA,NA,NA,NA,NA,NA,362,y2
228,4,2015-11-04,42,3,0,0.054757240465019,0,0.054757240465019,0,C,C,C,not bleached,376,y2
228,4,2015-12-04,42,NA,NA,0.0271706624916041,0,0.0271706624916041,0,C,C,C,not bleached,406,y2
228,4,2015-12-17,42,3,0,0.160644506657838,0,0.160644506657838,0,C,C,C,not bleached,419,y2
228,4,2016-01-20,42,3,0,0.0438172742972988,0,0.0438172742972988,0,C,C,C,not bleached,453,y2
228,4,2016-02-11,42,3,0,0.0240193938300121,0,0.0240193938300121,0,C,C,C,not bleached,475,y2
228,4,2016-03-31,42,NA,NA,0.0365595862335552,0,0.0365595862335552,0,C,C,C,not bleached,524,y2
233,5,2015-10-01,42,1,0,NA,NA,NA,NA,NA,NA,NA,NA,342,y2
233,5,2015-10-21,42,1,0,NA,NA,NA,NA,NA,NA,NA,NA,362,y2
233,5,2015-11-04,42,2,0,0.490676319670045,0,0.490676319670045,0,C,C,C,bleached,376,y2
233,5,2015-12-17,42,2,0,0.248272014378254,0,0.248272014378254,0,C,C,C,bleached,419,y2
233,5,2016-01-20,42,3,0,NA,NA,NA,NA,NA,NA,NA,NA,453,y2
233,5,2016-02-11,42,3,0,NA,NA,NA,NA,NA,NA,NA,NA,475,y2
233,5,2016-03-31,42,NA,NA,0.184724042150136,0,0.184724042150136,0,C,C,C,bleached,524,y2
234,5,2015-10-01,42,3,0,0,0.77827675391991,0.77827675391991,1,D,D,D,not bleached,342,y2
234,5,2015-10-21,42,3,0,NA,NA,NA,NA,NA,NA,NA,NA,362,y2
234,5,2015-11-04,42,3,0,0.0595169147909348,0.0261192117998259,0.0856361265907607,0.305002255936269,CD,C,D,not bleached,376,y2
234,5,2015-12-04,42,NA,NA,0.00995056080880079,0.0215339258511693,0.0314844866599701,0.683953531900773,DC,D,D,not bleached,406,y2
234,5,2015-12-17,42,3,0,0.839844159411073,2.35667884816819,3.19652300757927,0.737263220874769,DC,D,D,not bleached,419,y2
234,5,2016-01-20,42,3,0,0.0217106021887119,0.0314609309411969,0.0531715331299087,0.591687489325002,DC,D,D,not bleached,453,y2
234,5,2016-02-11,42,3,0,0,0.455368111621524,0.455368111621524,1,D,D,D,not bleached,475,y2
234,5,2016-03-31,42,NA,NA,0.0172961356460289,0.0100097875977419,0.0273059232437708,0.366579350142479,CD,C,D,not bleached,524,y2
237,3,2015-10-01,42,1,0,NA,NA,NA,NA,NA,NA,NA,NA,342,y2
237,3,2015-10-21,42,1,0,0.5484353816162,0,0.5484353816162,0,C,C,C,bleached,362,y2
237,3,2015-11-04,42,2,0,1.72553477970377,0,1.72553477970377,0,C,C,C,bleached,376,y2
237,3,2015-12-04,42,NA,NA,0.695293280866984,0,0.695293280866984,0,C,C,C,bleached,406,y2
237,3,2015-12-17,42,2,0,0.114466199274319,0,0.114466199274319,0,C,C,C,bleached,419,y2
237,3,2016-01-20,42,3,0,0.264418230476974,0,0.264418230476974,0,C,C,C,bleached,453,y2
237,3,2016-02-11,42,3,0,0.322806951732873,0,0.322806951732873,0,C,C,C,bleached,475,y2
237,3,2016-03-31,42,NA,NA,0.120997031032328,0,0.120997031032328,0,C,C,C,bleached,524,y2
238,3,2015-10-01,42,3,0,0.0100664133369365,0.0276496527389363,0.0377160660758728,0.733100124581231,DC,D,D,not bleached,342,y2
238,3,2015-10-21,42,3,0,0.00866757153048725,0.0297948164807779,0.0384623880112652,0.774648117845709,DC,D,D,not bleached,362,y2
238,3,2015-11-04,42,3,0,0.0162799892013825,0.0305222509406507,0.0468022401420332,0.652153632989002,DC,D,D,not bleached,376,y2
238,3,2015-12-04,42,NA,NA,0.0108428930609743,0.0527258833752634,0.0635687764362377,0.829430521258338,DC,D,D,not bleached,406,y2
238,3,2015-12-17,42,3,0,NA,NA,NA,NA,NA,NA,NA,NA,419,y2
238,3,2016-01-20,42,3,0,0.0182918341384947,0.0611418989938325,0.0794337331323272,0.769722088875986,DC,D,D,not bleached,453,y2
238,3,2016-02-11,42,3,0,0.0400429910764701,0.184348191894752,0.224391182971222,0.821548286584836,DC,D,D,not bleached,475,y2
239,3,2015-10-01,42,1,0,0.00362348478771099,0,0.00362348478771099,0,C,C,C,bleached,342,y2
239,3,2015-10-21,42,2,0,0.00194224855397311,0,0.00194224855397311,0,C,C,C,bleached,362,y2
239,3,2015-11-04,42,2,0,0.0113567477149858,0,0.0113567477149858,0,C,C,C,bleached,376,y2
239,3,2015-12-04,42,NA,NA,0.0765578196439993,0.026549070666709,0.103106890310708,0.257490751459039,CD,C,C,bleached,406,y2
239,3,2015-12-17,42,2,0,0.132640527347053,0,0.132640527347053,0,C,C,C,bleached,419,y2
239,3,2016-01-20,42,2,0,0.166453781701475,0,0.166453781701475,0,C,C,C,bleached,453,y2
239,3,2016-02-11,42,3,0,0.0853002365679153,0,0.0853002365679153,0,C,C,C,bleached,475,y2
239,3,2016-03-31,42,NA,NA,0.0528736800399311,0,0.0528736800399311,0,C,C,C,bleached,524,y2
240,3,2015-10-01,42,3,0,0,0.219631238600604,0.219631238600604,1,D,D,D,not bleached,342,y2
240,3,2015-10-21,42,3,0,0,0.0197980914651804,0.0197980914651804,1,D,D,D,not bleached,362,y2
240,3,2015-11-04,42,3,0,0,0.09151202691995,0.09151202691995,1,D,D,D,not bleached,376,y2
240,3,2015-12-04,42,NA,NA,0,0.165770037426235,0.165770037426235,1,D,D,D,not bleached,406,y2
240,3,2015-12-17,42,3,0,0,0.206842588782744,0.206842588782744,1,D,D,D,not bleached,419,y2
240,3,2016-01-20,42,3,0,0,0.347372432546194,0.347372432546194,1,D,D,D,not bleached,453,y2
240,3,2016-02-11,42,3,0,0,0.0827357792875806,0.0827357792875806,1,D,D,D,not bleached,475,y2
240,3,2016-03-31,42,NA,NA,0,0.0408280697263876,0.0408280697263876,1,D,D,D,not bleached,524,y2
25,3,2014-10-24,HIMB,1,0,0.0133742390813965,NA,0.0133742390813965,0,C,C,C,bleached,0,y1
25,3,2014-11-04,HIMB,2,0,0.00125744914781536,NA,0.00125744914781536,0,C,C,C,bleached,11,y1
25,3,2014-11-24,HIMB,2,0,0.0173440359558888,NA,0.0173440359558888,0,C,C,C,bleached,31,y1
25,3,2014-12-16,HIMB,NA,No pic,0.00599076892655331,NA,0.00599076892655331,0,C,C,C,bleached,53,y1
25,3,2015-01-14,HIMB,2,0,0.0571060878089197,NA,0.0571060878089197,0,C,C,C,bleached,82,y1
25,3,2015-05-06,HIMB,3,0,0.00758261546894341,NA,0.00758261546894341,0,C,C,C,bleached,194,y1
25,3,2015-08-11,HIMB,2,0,0.0249700678710566,0,0.0249700678710566,0,C,C,C,bleached,291,y2
25,3,2015-09-14,HIMB,2,0,0.0451006974111339,0,0.0451006974111339,0,C,C,C,bleached,325,y2
25,3,2015-10-01,HIMB,1,0,0.0250793462698489,0,0.0250793462698489,0,C,C,C,bleached,342,y2
25,3,2015-10-21,HIMB,1,0,NA,NA,NA,NA,NA,NA,NA,NA,362,y2
25,3,2015-11-04,HIMB,1,0,0.0396123349284301,0,0.0396123349284301,0,C,C,C,bleached,376,y2
25,3,2015-12-04,HIMB,NA,NA,0.0852499945943225,0,0.0852499945943225,0,C,C,C,bleached,406,y2
25,3,2015-12-17,HIMB,1,1,0.310742947275948,0,0.310742947275948,0,C,C,C,bleached,419,y2
25,3,2016-01-20,HIMB,1,2,0.157055193169139,0,0.157055193169139,0,C,C,C,bleached,453,y2
25,3,2016-02-11,HIMB,1,2,0.0714408746096905,0,0.0714408746096905,0,C,C,C,bleached,475,y2
25,3,2016-03-31,HIMB,NA,NA,0.0925318312418009,0,0.0925318312418009,0,C,C,C,bleached,524,y2
26,3,2014-10-24,HIMB,3,0,NA,0.0271800951443959,0.0271800951443959,1,D,D,D,not bleached,0,y1
26,3,2014-11-04,HIMB,3,0,NA,0.0204595009660095,0.0204595009660095,1,D,D,D,not bleached,11,y1
26,3,2014-11-24,HIMB,3,0,NA,0.0862983443499847,0.0862983443499847,1,D,D,D,not bleached,31,y1
26,3,2014-12-16,HIMB,NA,No pic,NA,0.20913393027231,0.20913393027231,1,D,D,D,not bleached,53,y1
26,3,2015-01-14,HIMB,3,0,8.85793454951409e-05,0.352001847613086,0.352090426958581,0.99974841876202,DC,D,D,not bleached,82,y1
26,3,2015-05-06,HIMB,3,0,5.79157682417391e-06,0.0223408935043691,0.0223466850811932,0.999740830606279,DC,D,D,not bleached,194,y1
26,3,2015-08-11,HIMB,3,0,0,0.017188115315009,0.017188115315009,1,D,D,D,not bleached,291,y2
26,3,2015-09-14,HIMB,3,0,0,0.123557558305667,0.123557558305667,1,D,D,D,not bleached,325,y2
26,3,2015-10-01,HIMB,3,0,0,0.0278603109749015,0.0278603109749015,1,D,D,D,not bleached,342,y2
26,3,2015-10-21,HIMB,3,0,0,0.00836252985420844,0.00836252985420844,1,D,D,D,not bleached,362,y2
26,3,2015-11-04,HIMB,3,0,0,0.0969547352702548,0.0969547352702548,1,D,D,D,not bleached,376,y2
26,3,2015-12-04,HIMB,NA,NA,0,0.0248407952628009,0.0248407952628009,1,D,D,D,not bleached,406,y2
26,3,2015-12-17,HIMB,3,0,0,0.0991567758030118,0.0991567758030118,1,D,D,D,not bleached,419,y2
26,3,2016-01-20,HIMB,3,0,0,0.188163039016441,0.188163039016441,1,D,D,D,not bleached,453,y2
26,3,2016-02-11,HIMB,3,0,0,0.0382394390845643,0.0382394390845643,1,D,D,D,not bleached,475,y2
26,3,2016-03-31,HIMB,NA,NA,0,0.0338677316083343,0.0338677316083343,1,D,D,D,not bleached,524,y2
3,6,2014-10-24,HIMB,1,0,0.0221358908096732,NA,0.0221358908096732,0,C,C,C,bleached,0,y1
3,6,2014-11-04,HIMB,2,0,0.0422446622189671,NA,0.0422446622189671,0,C,C,C,bleached,11,y1
3,6,2014-11-24,HIMB,2,0,0.2239267789939,NA,0.2239267789939,0,C,C,C,bleached,31,y1
3,6,2014-12-16,HIMB,2,0,0.0982565097370331,NA,0.0982565097370331,0,C,C,C,bleached,53,y1
3,6,2015-01-14,HIMB,3,0,0.498649083230951,NA,0.498649083230951,0,C,C,C,bleached,82,y1
3,6,2015-05-06,HIMB,3,0,0.0590374962057462,NA,0.0590374962057462,0,C,C,C,bleached,194,y1
3,6,2015-08-11,HIMB,2,0,0.0447658860770374,0,0.0447658860770374,0,C,C,C,bleached,291,y2
3,6,2015-09-14,HIMB,1,0,0.0103533650074417,0,0.0103533650074417,0,C,C,C,bleached,325,y2
3,6,2015-10-01,HIMB,1,0,0.00309347384795236,0,0.00309347384795236,0,C,C,C,bleached,342,y2
3,6,2015-10-21,HIMB,1,0,0.000950545662120001,0,0.000950545662120001,0,C,C,C,bleached,362,y2
3,6,2015-11-04,HIMB,1,0,0.00824104813368888,0,0.00824104813368888,0,C,C,C,bleached,376,y2
3,6,2015-12-04,HIMB,NA,NA,0.206175320145887,0,0.206175320145887,0,C,C,C,bleached,406,y2
3,6,2015-12-17,HIMB,2,0,0.383738003080657,0,0.383738003080657,0,C,C,C,bleached,419,y2
3,6,2016-01-20,HIMB,3,0,0.0690503986025893,0,0.0690503986025893,0,C,C,C,bleached,453,y2
3,6,2016-02-11,HIMB,3,0,0.394007105603329,0,0.394007105603329,0,C,C,C,bleached,475,y2
31,2,2014-10-24,HIMB,1,0,0.136874749821315,NA,0.136874749821315,0,C,C,C,bleached,0,y1
31,2,2014-11-04,HIMB,1,0,0.00528656916542528,NA,0.00528656916542528,0,C,C,C,bleached,11,y1
31,2,2014-11-24,HIMB,1,0,0.00306233285484705,NA,0.00306233285484705,0,C,C,C,bleached,31,y1
31,2,2014-12-16,HIMB,2,0,0.0572567168633687,NA,0.0572567168633687,0,C,C,C,bleached,53,y1
31,2,2015-01-14,HIMB,2,0,0.46464644754586,NA,0.46464644754586,0,C,C,C,bleached,82,y1
31,2,2015-05-06,HIMB,3,0,0.101793909332919,NA,0.101793909332919,0,C,C,C,bleached,194,y1
31,2,2015-08-11,HIMB,1,0,0.106346433262276,0,0.106346433262276,0,C,C,C,bleached,291,y2
31,2,2015-09-14,HIMB,1,0,0.027931629526507,0,0.027931629526507,0,C,C,C,bleached,325,y2
31,2,2015-10-01,HIMB,1,0,NA,NA,NA,NA,NA,NA,NA,NA,342,y2
31,2,2015-10-21,HIMB,1,0,0.00447621036007172,0,0.00447621036007172,0,C,C,C,bleached,362,y2
31,2,2015-11-04,HIMB,0,3,NA,NA,NA,NA,NA,NA,NA,NA,376,y2
31,2,2015-12-17,HIMB,0,3,NA,NA,NA,NA,NA,NA,NA,NA,419,y2
31,2,2016-01-20,HIMB,0,3,NA,NA,NA,NA,NA,NA,NA,NA,453,y2
31,2,2016-02-11,HIMB,0,3,NA,NA,NA,NA,NA,NA,NA,NA,475,y2
32,2,2014-10-24,HIMB,3,0,NA,0.0929105285708348,0.0929105285708348,1,D,D,D,not bleached,0,y1
32,2,2014-11-04,HIMB,3,0,NA,0.0347049177858775,0.0347049177858775,1,D,D,D,not bleached,11,y1
32,2,2014-11-24,HIMB,3,0,NA,0.0983095555493779,0.0983095555493779,1,D,D,D,not bleached,31,y1
32,2,2014-12-16,HIMB,3,0,NA,0.219423389191327,0.219423389191327,1,D,D,D,not bleached,53,y1
32,2,2015-01-14,HIMB,3,0,NA,0.0901910903107997,0.0901910903107997,1,D,D,D,not bleached,82,y1
32,2,2015-05-06,HIMB,3,0,NA,0.0582441496967613,0.0582441496967613,1,D,D,D,not bleached,194,y1
32,2,2015-08-11,HIMB,3,0,0,0.0865816540099268,0.0865816540099268,1,D,D,D,not bleached,291,y2
32,2,2015-09-14,HIMB,3,0,0,0.0720581374326729,0.0720581374326729,1,D,D,D,not bleached,325,y2
32,2,2015-10-01,HIMB,3,0,0,0.048368284209155,0.048368284209155,1,D,D,D,not bleached,342,y2
32,2,2015-10-21,HIMB,3,0,NA,NA,NA,NA,NA,NA,NA,NA,362,y2
32,2,2015-11-04,HIMB,3,0,0,0.139651712637062,0.139651712637062,1,D,D,D,not bleached,376,y2
32,2,2015-12-04,HIMB,NA,NA,0,0.0964152503820249,0.0964152503820249,1,D,D,D,not bleached,406,y2
32,2,2015-12-17,HIMB,3,0,0,0.139734016192528,0.139734016192528,1,D,D,D,not bleached,419,y2
32,2,2016-01-20,HIMB,3,0,0,0.0402534199720797,0.0402534199720797,1,D,D,D,not bleached,453,y2
32,2,2016-02-11,HIMB,3,0,0,0.276041134304342,0.276041134304342,1,D,D,D,not bleached,475,y2
32,2,2016-03-31,HIMB,NA,NA,0,0.0225224123526873,0.0225224123526873,1,D,D,D,not bleached,524,y2
39,5,2014-10-24,HIMB,1,0,0.00159277615432521,NA,0.00159277615432521,0,C,C,C,bleached,0,y1
39,5,2014-11-04,HIMB,1,0,0.00162527303040834,NA,0.00162527303040834,0,C,C,C,bleached,11,y1
39,5,2014-11-24,HIMB,1,0,0.000139972477648427,0.000501771705650223,0.00064174418329865,0.781887422915234,DC,D,C,bleached,31,y1
39,5,2014-12-16,HIMB,2,0,0.000549386828532996,NA,0.000549386828532996,0,C,C,C,bleached,53,y1
39,5,2015-01-14,HIMB,NA,missing,NA,NA,NA,NA,NA,NA,NA,NA,82,y1
39,5,2015-05-06,HIMB,NA,missing,NA,NA,NA,NA,NA,NA,NA,NA,194,y1
39,5,2015-08-11,HIMB,NA,missing,NA,NA,NA,NA,NA,NA,NA,NA,291,y2
39,5,2015-09-14,HIMB,NA,missing,NA,NA,NA,NA,NA,NA,NA,NA,325,y2
39,5,2015-10-01,HIMB,NA,missing,NA,NA,NA,NA,NA,NA,NA,NA,342,y2
39,5,2015-10-21,HIMB,NA,missing,NA,NA,NA,NA,NA,NA,NA,NA,362,y2
39,5,2015-11-04,HIMB,NA,missing,NA,NA,NA,NA,NA,NA,NA,NA,376,y2
39,5,2015-12-17,HIMB,NA,missing,NA,NA,NA,NA,NA,NA,NA,NA,419,y2
39,5,2016-01-20,HIMB,NA,missing,NA,NA,NA,NA,NA,NA,NA,NA,453,y2
39,5,2016-02-11,HIMB,NA,missing,NA,NA,NA,NA,NA,NA,NA,NA,475,y2
4,6,2014-10-24,HIMB,3,0,0.000168399827131982,0.8385953418181,0.838763741645232,0.999799228532695,DC,D,D,not bleached,0,y1
4,6,2014-11-04,HIMB,3,0,NA,0.0710453369396443,0.0710453369396443,1,D,D,D,not bleached,11,y1
4,6,2014-11-24,HIMB,3,0,2.40520138986203e-05,0.15420862103639,0.154232673050289,0.999844053705204,DC,D,D,not bleached,31,y1
4,6,2014-12-16,HIMB,3,0,NA,0.233040366645814,0.233040366645814,1,D,D,D,not bleached,53,y1
4,6,2015-01-14,HIMB,3,0,NA,NA,NA,NA,NA,NA,NA,NA,82,y1
4,6,2015-05-06,HIMB,3,0,NA,0.0896696798151103,0.0896696798151103,1,D,D,D,not bleached,194,y1
4,6,2015-08-11,HIMB,3,0,0,0.0884959456598851,0.0884959456598851,1,D,D,D,not bleached,291,y2
4,6,2015-09-14,HIMB,3,0,0,0.165064887809913,0.165064887809913,1,D,D,D,not bleached,325,y2
4,6,2015-10-01,HIMB,3,0,0,0.225094883858443,0.225094883858443,1,D,D,D,not bleached,342,y2
4,6,2015-10-21,HIMB,3,0,NA,NA,NA,NA,NA,NA,NA,NA,362,y2
4,6,2015-11-04,HIMB,3,0,0,0.246157767827898,0.246157767827898,1,D,D,D,not bleached,376,y2
4,6,2015-12-04,HIMB,NA,NA,0,0.0522058457378408,0.0522058457378408,1,D,D,D,not bleached,406,y2
4,6,2015-12-17,HIMB,3,1,NA,NA,NA,NA,NA,NA,NA,NA,419,y2
4,6,2016-01-20,HIMB,3,2,0,0.229498268095112,0.229498268095112,1,D,D,D,not bleached,453,y2
4,6,2016-02-11,HIMB,3,2,0,0.0924043879281225,0.0924043879281225,1,D,D,D,not bleached,475,y2
4,6,2016-03-31,HIMB,NA,NA,0,0.0879943785506198,0.0879943785506198,1,D,D,D,not bleached,524,y2
40,5,2014-10-24,HIMB,3,0,0.0583898488957919,0.0260390546319493,0.0844289035277412,0.308413985542208,CD,C,C,not bleached,0,y1
40,5,2014-11-04,HIMB,3,0,0.0125208588711328,0.0672471635247785,0.0797680223959113,0.843034106963462,DC,D,C,not bleached,11,y1
40,5,2014-11-24,HIMB,3,0,0.0448652732431338,0.260503816067611,0.305369089310745,0.853078537371283,DC,D,C,not bleached,31,y1
40,5,2014-12-16,HIMB,3,0,0.0349836084798638,0.103342563486505,0.138326171966369,0.747093352020402,DC,D,C,not bleached,53,y1
40,5,2015-01-14,HIMB,3,0,NA,NA,NA,NA,NA,NA,NA,NA,82,y1
40,5,2015-05-06,HIMB,3,0,0.0377379474531018,0.00149436002855886,0.0392323074816607,0.0380900366173315,CD,C,C,not bleached,194,y1
40,5,2015-08-11,HIMB,2,0,0.0116336172319258,0.0075511137815846,0.0191847310135104,0.39360019049873,CD,C,D,not bleached,291,y2
40,5,2015-09-14,HIMB,2,0,0.0645760744414736,0.0268730740224257,0.0914491484638993,0.293858111024775,CD,C,D,not bleached,325,y2
40,5,2015-10-01,HIMB,3,0,0.0113473053653022,0.0837367753160125,0.0950840806813148,0.880660303133875,DC,D,D,not bleached,342,y2
40,5,2015-10-21,HIMB,3,0,0.00219577135922014,0.0166337258713602,0.0188294972305803,0.883386617691838,DC,D,D,not bleached,362,y2
40,5,2015-11-04,HIMB,3,0,0.0333133339176127,0.216105121980604,0.249418455898217,0.866435970836066,DC,D,D,not bleached,376,y2
40,5,2015-12-04,HIMB,NA,NA,0.0044937748314676,0.0152727659341676,0.0197665407656352,0.772657498105072,DC,D,D,not bleached,406,y2
40,5,2015-12-17,HIMB,3,0,0.013750649289937,0.0504065551236463,0.0641572044135833,0.785672561396304,DC,D,D,not bleached,419,y2
40,5,2016-01-20,HIMB,3,0,0.0214652018989637,0.145481253989404,0.166946455888367,0.871424632618036,DC,D,D,not bleached,453,y2
40,5,2016-02-11,HIMB,3,0,0.0170361547818628,0.100715328046802,0.117751482828664,0.855321101929125,DC,D,D,not bleached,475,y2
40,5,2016-03-31,HIMB,NA,NA,0.00449034980526956,0.0269439499064137,0.0314342997116832,0.857151269585922,DC,D,D,not bleached,524,y2
43,5,2014-10-24,HIMB,1,0,0.000915419917701425,0.000285840081635606,0.00120125999933703,0.237950220429682,CD,C,C,bleached,0,y1
43,5,2014-11-04,HIMB,1,0,0.00667734430719083,NA,0.00667734430719083,0,C,C,C,bleached,11,y1
43,5,2014-11-24,HIMB,1,0,0.00226242536897266,NA,0.00226242536897266,0,C,C,C,bleached,31,y1
43,5,2014-12-16,HIMB,NA,No pic,0.00403819457743463,NA,0.00403819457743463,0,C,C,C,bleached,53,y1
43,5,2015-01-14,HIMB,1,1,NA,NA,NA,NA,NA,NA,NA,NA,82,y1
43,5,2015-05-06,HIMB,3,1,0.0147974538532251,NA,0.0147974538532251,0,C,C,C,bleached,194,y1
43,5,2015-08-11,HIMB,2,1,0.0666382143573665,0,0.0666382143573665,0,C,C,C,bleached,291,y2
43,5,2015-09-14,HIMB,1,1,0.00471490217314787,0,0.00471490217314787,0,C,C,C,bleached,325,y2
43,5,2015-10-01,HIMB,1,1,0,0,2e-05,NA,NA,NA,C,bleached,342,y2
43,5,2015-10-21,HIMB,1,1,0,0,2e-05,NA,NA,NA,C,bleached,362,y2
43,5,2015-11-04,HIMB,1,1,0.000504902889025282,0,0.000504902889025282,0,C,C,C,bleached,376,y2
43,5,2015-12-04,HIMB,NA,NA,0,0,2e-05,NA,NA,NA,C,bleached,406,y2
43,5,2015-12-17,HIMB,1,2,0.00437695586772163,0,0.00437695586772163,0,C,C,C,bleached,419,y2
43,5,2016-01-20,HIMB,1,2,0.00604200692475968,0,0.00604200692475968,0,C,C,C,bleached,453,y2
43,5,2016-02-11,HIMB,1,2,0.326633247424653,0,0.326633247424653,0,C,C,C,bleached,475,y2
44,5,2014-10-24,HIMB,3,0,0.0346582298771654,NA,0.0346582298771654,0,C,C,C,not bleached,0,y1
44,5,2014-11-04,HIMB,3,0,0.0315151032139253,NA,0.0315151032139253,0,C,C,C,not bleached,11,y1
44,5,2014-11-24,HIMB,3,0,0.0184971833616262,NA,0.0184971833616262,0,C,C,C,not bleached,31,y1
44,5,2014-12-16,HIMB,NA,No pic,0.0606177121538041,NA,0.0606177121538041,0,C,C,C,not bleached,53,y1
44,5,2015-01-14,HIMB,3,0,0.14773068036402,NA,0.14773068036402,0,C,C,C,not bleached,82,y1
44,5,2015-05-06,HIMB,3,0,0.0291663759795882,NA,0.0291663759795882,0,C,C,C,not bleached,194,y1
44,5,2015-08-11,HIMB,3,0,0.0244977583529702,0,0.0244977583529702,0,C,C,C,not bleached,291,y2
44,5,2015-09-14,HIMB,3,0,0.0721125192125546,0,0.0721125192125546,0,C,C,C,not bleached,325,y2
44,5,2015-10-01,HIMB,3,0,0.0297533010945294,0,0.0297533010945294,0,C,C,C,not bleached,342,y2
44,5,2015-10-21,HIMB,3,0,0.0157937060297016,0,0.0157937060297016,0,C,C,C,not bleached,362,y2
44,5,2015-11-04,HIMB,3,0,0.0880729959653889,0,0.0880729959653889,0,C,C,C,not bleached,376,y2
44,5,2015-12-04,HIMB,NA,NA,0.0110049282766062,0,0.0110049282766062,0,C,C,C,not bleached,406,y2
44,5,2015-12-17,HIMB,3,0,0.0608454651778487,0,0.0608454651778487,0,C,C,C,not bleached,419,y2
44,5,2016-01-20,HIMB,3,0,0.0212041954324722,0,0.0212041954324722,0,C,C,C,not bleached,453,y2
44,5,2016-02-11,HIMB,3,0,0.0532783625189783,0,0.0532783625189783,0,C,C,C,not bleached,475,y2
44,5,2016-03-31,HIMB,NA,NA,0.0609003172089116,0,0.0609003172089116,0,C,C,C,not bleached,524,y2
5,6,2014-10-24,HIMB,1,0,0.0549415827755775,NA,0.0549415827755775,0,C,C,C,bleached,0,y1
5,6,2014-11-04,HIMB,1,0,0.0201687213404136,NA,0.0201687213404136,0,C,C,C,bleached,11,y1
5,6,2014-11-24,HIMB,1,1,0.00210942022418467,NA,0.00210942022418467,0,C,C,C,bleached,31,y1
5,6,2014-12-16,HIMB,2,1,0.00346377326909765,NA,0.00346377326909765,0,C,C,C,bleached,53,y1
5,6,2015-01-14,HIMB,3,2,0.141767885997774,NA,0.141767885997774,0,C,C,C,bleached,82,y1
5,6,2015-05-06,HIMB,3,2,0.0291628671969145,NA,0.0291628671969145,0,C,C,C,bleached,194,y1
5,6,2015-08-11,HIMB,NA,missing,NA,NA,NA,NA,NA,NA,NA,NA,291,y2
5,6,2015-09-14,HIMB,NA,missing,NA,NA,NA,NA,NA,NA,NA,NA,325,y2
5,6,2015-10-01,HIMB,NA,missing,NA,NA,NA,NA,NA,NA,NA,NA,342,y2
5,6,2015-10-21,HIMB,NA,missing,NA,NA,NA,NA,NA,NA,NA,NA,362,y2
5,6,2015-11-04,HIMB,NA,missing,NA,NA,NA,NA,NA,NA,NA,NA,376,y2
5,6,2015-12-17,HIMB,NA,missing,NA,NA,NA,NA,NA,NA,NA,NA,419,y2
5,6,2016-01-20,HIMB,NA,missing,NA,NA,NA,NA,NA,NA,NA,NA,453,y2
5,6,2016-02-11,HIMB,NA,missing,NA,NA,NA,NA,NA,NA,NA,NA,475,y2
51,5,2014-10-24,25,1,0,0.0270218280523527,NA,0.0270218280523527,0,C,C,C,bleached,0,y1
51,5,2014-11-04,25,1,0,0.00756585256255475,NA,0.00756585256255475,0,C,C,C,bleached,11,y1
51,5,2014-11-24,25,1,0,0.00485106544397704,NA,0.00485106544397704,0,C,C,C,bleached,31,y1
51,5,2014-12-16,25,2,0,0.00790223695606985,NA,0.00790223695606985,0,C,C,C,bleached,53,y1
51,5,2015-01-14,25,2,0,0.0358445389994263,NA,0.0358445389994263,0,C,C,C,bleached,82,y1
51,5,2015-05-06,25,3,0,NA,NA,NA,NA,NA,NA,NA,NA,194,y1
51,5,2015-08-11,25,2,0,0.0856438554097299,0,0.0856438554097299,0,C,C,C,bleached,291,y2
51,5,2015-09-14,25,1,0,0.0779230281438051,0,0.0779230281438051,0,C,C,C,bleached,325,y2
51,5,2015-10-01,25,1,0,0.00359035833106135,0,0.00359035833106135,0,C,C,C,bleached,342,y2
51,5,2015-10-21,25,1,0,0.00342945146343236,0,0.00342945146343236,0,C,C,C,bleached,362,y2
51,5,2015-11-04,25,1,0,0.00755236158064407,0,0.00755236158064407,0,C,C,C,bleached,376,y2
51,5,2015-12-04,25,NA,NA,0.0914447118362309,0,0.0914447118362309,0,C,C,C,bleached,406,y2
51,5,2015-12-17,25,1,0,0.0911599253159771,0,0.0911599253159771,0,C,C,C,bleached,419,y2
51,5,2016-01-20,25,2,0,0.0517066465936625,0,0.0517066465936625,0,C,C,C,bleached,453,y2
51,5,2016-02-11,25,2,0,0.189122583387175,0,0.189122583387175,0,C,C,C,bleached,475,y2
51,5,2016-03-31,25,NA,NA,0.0238849150000322,0,0.0238849150000322,0,C,C,C,bleached,524,y2
52,5,2014-10-24,25,3,0,0.0163365195907293,0.013399375019134,0.0297358946098633,0.45061280970136,CD,C,D,not bleached,0,y1
52,5,2014-11-04,25,3,0,0.00809740862211607,0.0440594313859735,0.0521568400080896,0.84474886475369,DC,D,D,not bleached,11,y1
52,5,2014-11-24,25,3,0,NA,NA,NA,NA,NA,NA,NA,NA,31,y1
52,5,2014-12-16,25,3,0,0.0132045459375886,0.0785340827979221,0.0917386287355108,0.856063404046966,DC,D,D,not bleached,53,y1
52,5,2015-01-14,25,3,0,0.0720238081895017,0.167267121893419,0.239290930082921,0.699011541454816,DC,D,D,not bleached,82,y1
52,5,2015-05-06,25,3,0,0.0133352989051359,0.0503178329718441,0.06365313187698,0.790500506229474,DC,D,D,not bleached,194,y1
52,5,2015-08-11,25,3,0,0.0157554366996404,0.0336921235421379,0.0494475602417783,0.681370797212183,DC,D,D,not bleached,291,y2
52,5,2015-09-14,25,3,0,0.0390561500423378,0.030875475630445,0.0699316256727828,0.441509479200648,CD,C,D,not bleached,325,y2
52,5,2015-10-01,25,3,0,0.00354277007411668,0.0154249024047307,0.0189676724788474,0.813220621662065,DC,D,D,not bleached,342,y2
52,5,2015-10-21,25,3,0,0.199407773009488,0.805610935243211,1.0050187082527,0.801587998937678,DC,D,D,not bleached,362,y2
52,5,2015-11-04,25,3,0,0.00610451990419577,0.114197674039068,0.120302193943263,0.949256786563055,DC,D,D,not bleached,376,y2
52,5,2015-12-04,25,NA,NA,0.00752988503134485,0.0877963742292864,0.0953262592606312,0.921009330590038,DC,D,D,not bleached,406,y2
52,5,2015-12-17,25,3,0,0.0150222378160606,0.0627041687778992,0.0777264065939597,0.806729289641083,DC,D,D,not bleached,419,y2
52,5,2016-01-20,25,3,0,0.112628477235045,0.163142567978316,0.27577104521336,0.591587009622763,DC,D,D,not bleached,453,y2
52,5,2016-02-11,25,3,0,0.0349610797606624,0.141336419487371,0.176297499248034,0.80169270744178,DC,D,D,not bleached,475,y2
52,5,2016-03-31,25,NA,NA,0.00789329592331544,0.0982094166265968,0.106102712549912,0.925607029890001,DC,D,D,not bleached,524,y2
53,8,2014-10-24,25,1,0,0.0127792655372761,NA,0.0127792655372761,0,C,C,C,bleached,0,y1
53,8,2014-11-04,25,2,0,0.0266203284660593,NA,0.0266203284660593,0,C,C,C,bleached,11,y1
53,8,2014-11-24,25,3,0,0.0380238604678276,NA,0.0380238604678276,0,C,C,C,bleached,31,y1
53,8,2014-12-16,25,3,0,0.046281335083653,NA,0.046281335083653,0,C,C,C,bleached,53,y1
53,8,2015-01-14,25,3,0,NA,NA,NA,NA,NA,NA,NA,NA,82,y1
53,8,2015-05-06,25,3,0,0.0213594250406735,NA,0.0213594250406735,0,C,C,C,bleached,194,y1
53,8,2015-08-11,25,2,0,0.0147559800400239,0,0.0147559800400239,0,C,C,C,bleached,291,y2
53,8,2015-09-14,25,1,0,0.00870248750505526,0,0.00870248750505526,0,C,C,C,bleached,325,y2
53,8,2015-10-01,25,1,0,0.00399010811403691,0,0.00399010811403691,0,C,C,C,bleached,342,y2
53,8,2015-10-21,25,1,0,0.00526114873962278,0,0.00526114873962278,0,C,C,C,bleached,362,y2
53,8,2015-11-04,25,2,0,0.0287407904952797,0,0.0287407904952797,0,C,C,C,bleached,376,y2
53,8,2015-12-04,25,NA,NA,0.0116922269900253,0,0.0116922269900253,0,C,C,C,bleached,406,y2
53,8,2015-12-17,25,2,0,0.92053440781825,0,0.92053440781825,0,C,C,C,bleached,419,y2
53,8,2016-01-20,25,2,0,0.0207915849947582,0,0.0207915849947582,0,C,C,C,bleached,453,y2
53,8,2016-02-11,25,3,0,0.0203757016832308,0,0.0203757016832308,0,C,C,C,bleached,475,y2
53,8,2016-03-31,25,NA,NA,0.0229819265506452,0,0.0229819265506452,0,C,C,C,bleached,524,y2
54,8,2014-10-24,25,3,0,0.319037152353611,NA,0.319037152353611,0,C,C,C,not bleached,0,y1
54,8,2014-11-04,25,3,0,0.0685756761817944,NA,0.0685756761817944,0,C,C,C,not bleached,11,y1
54,8,2014-11-24,25,3,0,0.0764504435935033,NA,0.0764504435935033,0,C,C,C,not bleached,31,y1
54,8,2014-12-16,25,3,0,0.0366027587276883,NA,0.0366027587276883,0,C,C,C,not bleached,53,y1
54,8,2015-01-14,25,3,0,NA,NA,NA,NA,NA,NA,NA,NA,82,y1
54,8,2015-05-06,25,3,0,0.0501946656575535,NA,0.0501946656575535,0,C,C,C,not bleached,194,y1
54,8,2015-08-11,25,3,0,0.150219452774728,0,0.150219452774728,0,C,C,C,not bleached,291,y2
54,8,2015-09-14,25,3,0,NA,NA,NA,NA,NA,NA,NA,NA,325,y2
54,8,2015-10-01,25,3,0,NA,NA,NA,NA,NA,NA,NA,NA,342,y2
54,8,2015-10-21,25,3,0,NA,NA,NA,NA,NA,NA,NA,NA,362,y2
54,8,2015-11-04,25,3,0,NA,NA,NA,NA,NA,NA,NA,NA,376,y2
54,8,2015-12-17,25,3,0,NA,NA,NA,NA,NA,NA,NA,NA,419,y2
54,8,2016-01-20,25,3,0,NA,NA,NA,NA,NA,NA,NA,NA,453,y2
54,8,2016-02-11,25,3,0,NA,NA,NA,NA,NA,NA,NA,NA,475,y2
57,5,2014-10-24,25,1,0,0.00498783965573795,NA,0.00498783965573795,0,C,C,C,bleached,0,y1
57,5,2014-11-04,25,1,0,0.0121191441323608,NA,0.0121191441323608,0,C,C,C,bleached,11,y1
57,5,2014-11-24,25,1,0,0.0484562322943463,NA,0.0484562322943463,0,C,C,C,bleached,31,y1
57,5,2014-12-16,25,2,0,0.0218704351815332,NA,0.0218704351815332,0,C,C,C,bleached,53,y1
57,5,2015-01-14,25,2,0,1.6256907654094,NA,1.6256907654094,0,C,C,C,bleached,82,y1
57,5,2015-05-06,25,3,0,0.083096020512656,NA,0.083096020512656,0,C,C,C,bleached,194,y1
57,5,2015-08-11,25,3,0,0.0533874167300999,0,0.0533874167300999,0,C,C,C,bleached,291,y2
57,5,2015-09-14,25,1,0,0.00982479862647751,0,0.00982479862647751,0,C,C,C,bleached,325,y2
57,5,2015-10-01,25,1,0,0.000993696946918424,0,0.000993696946918424,0,C,C,C,bleached,342,y2
57,5,2015-10-21,25,1,0,0,0,2e-05,NA,NA,NA,C,bleached,362,y2
57,5,2015-11-04,25,1,0,0.000121499967879461,0,0.000121499967879461,0,C,C,C,bleached,376,y2
57,5,2015-12-04,25,NA,NA,0.00495927022237546,0,0.00495927022237546,0,C,C,C,bleached,406,y2
57,5,2015-12-17,25,2,0,0.374657322299914,0,0.374657322299914,0,C,C,C,bleached,419,y2
57,5,2016-01-20,25,2,0,0.11125125784429,0,0.11125125784429,0,C,C,C,bleached,453,y2
57,5,2016-02-11,25,3,0,0.111672321210627,0,0.111672321210627,0,C,C,C,bleached,475,y2
57,5,2016-03-31,25,NA,NA,0.130637731832401,0,0.130637731832401,0,C,C,C,bleached,524,y2
58,5,2014-10-24,25,3,0,0.0127150233169096,0.0776113769824995,0.0903264002994091,0.859232480484526,DC,D,D,not bleached,0,y1
58,5,2014-11-04,25,3,0,0.0174520851475453,0.167348188162471,0.184800273310016,0.905562449476099,DC,D,D,not bleached,11,y1
58,5,2014-11-24,25,3,0,0.0132310115822473,0.30580753218592,0.319038543768168,0.958528485536651,DC,D,D,not bleached,31,y1
58,5,2014-12-16,25,3,0,0.0011653271285775,0.136393027657376,0.137558354785953,0.991528488906466,DC,D,D,not bleached,53,y1
58,5,2015-01-14,25,3,0,0.13338665981177,0.345799512812004,0.479186172623773,0.721639171928911,DC,D,D,not bleached,82,y1
58,5,2015-05-06,25,3,0,0.0121002844105642,0.0449506343775451,0.0570509187881094,0.787903776703309,DC,D,D,not bleached,194,y1
58,5,2015-08-11,25,2,0,0.0156900477472322,0.112084226732602,0.127774274479834,0.877204955292402,DC,D,D,not bleached,291,y2
58,5,2015-09-14,25,2,0,0.0113677737206944,0.0941891814235498,0.105556955144244,0.89230672952663,DC,D,D,not bleached,325,y2
58,5,2015-10-01,25,2,0,0.00270659276897513,0.110326798554024,0.113033391323,0.976054927333456,DC,D,D,not bleached,342,y2
58,5,2015-10-21,25,3,0,0.000673443042395402,0.131611291226013,0.132284734268408,0.99490914015045,DC,D,D,not bleached,362,y2
58,5,2015-11-04,25,3,0,NA,NA,NA,NA,NA,NA,NA,NA,376,y2
58,5,2015-12-04,25,NA,NA,0.00257670582363487,0.12318556985215,0.125762275675785,0.979511297725897,DC,D,D,not bleached,406,y2
58,5,2015-12-17,25,3,0,NA,NA,NA,NA,NA,NA,NA,NA,419,y2
58,5,2016-01-20,25,3,0,0.0131959913987502,0.406338838557452,0.419534829956203,0.968546136204883,DC,D,D,not bleached,453,y2
58,5,2016-02-11,25,3,0,0.00494553924965252,0.171681342938356,0.176626882188009,0.972000076158349,DC,D,D,not bleached,475,y2
58,5,2016-03-31,25,NA,NA,0.0255504684578678,0.179624391129486,0.205174859587353,0.875469789479789,DC,D,D,not bleached,524,y2
6,6,2014-10-24,HIMB,3,0,NA,NA,NA,NA,NA,NA,NA,NA,0,y1
6,6,2014-11-04,HIMB,3,0,NA,0.0434487882270647,0.0434487882270647,1,D,D,D,not bleached,11,y1
6,6,2014-11-24,HIMB,3,0,NA,0.0824441873445078,0.0824441873445078,1,D,D,D,not bleached,31,y1
6,6,2014-12-16,HIMB,3,0,NA,0.185426808688444,0.185426808688444,1,D,D,D,not bleached,53,y1
6,6,2015-01-14,HIMB,3,0,0.000741525228451483,4.92487028586847,4.92561181109692,0.999849455203355,DC,D,D,not bleached,82,y1
6,6,2015-05-06,HIMB,NA,missing,NA,NA,NA,NA,NA,NA,NA,NA,194,y1
6,6,2015-08-11,HIMB,NA,missing,NA,NA,NA,NA,NA,NA,NA,NA,291,y2
6,6,2015-09-14,HIMB,NA,missing,NA,NA,NA,NA,NA,NA,NA,NA,325,y2
6,6,2015-10-01,HIMB,NA,missing,NA,NA,NA,NA,NA,NA,NA,NA,342,y2
6,6,2015-10-21,HIMB,NA,missing,NA,NA,NA,NA,NA,NA,NA,NA,362,y2
6,6,2015-11-04,HIMB,NA,missing,NA,NA,NA,NA,NA,NA,NA,NA,376,y2
6,6,2015-12-17,HIMB,NA,missing,NA,NA,NA,NA,NA,NA,NA,NA,419,y2
6,6,2016-01-20,HIMB,NA,missing,NA,NA,NA,NA,NA,NA,NA,NA,453,y2
6,6,2016-02-11,HIMB,NA,missing,NA,NA,NA,NA,NA,NA,NA,NA,475,y2
65,6,2014-10-24,25,1,0,0.247538304535573,NA,0.247538304535573,0,C,C,C,bleached,0,y1
65,6,2014-11-04,25,2,0,0.00661192521775872,NA,0.00661192521775872,0,C,C,C,bleached,11,y1
65,6,2014-11-24,25,2,0,0.113825073643834,NA,0.113825073643834,0,C,C,C,bleached,31,y1
65,6,2014-12-16,25,2,0,0.122064824070375,3.19453263019736e-05,0.122096769396677,0.00026163940667576,CD,C,C,bleached,53,y1
65,6,2015-01-14,25,2,0,0.692203450352324,NA,0.692203450352324,0,C,C,C,bleached,82,y1
65,6,2015-05-06,25,3,0,0.00908732963643919,NA,0.00908732963643919,0,C,C,C,bleached,194,y1
65,6,2015-08-11,25,2,0,0.0292766350018782,0,0.0292766350018782,0,C,C,C,bleached,291,y2
65,6,2015-09-14,25,1,0,0.0460100729113377,0,0.0460100729113377,0,C,C,C,bleached,325,y2
65,6,2015-10-01,25,2,0,0.0545110890192612,0,0.0545110890192612,0,C,C,C,bleached,342,y2
65,6,2015-10-21,25,2,0,0.011527660420698,0,0.011527660420698,0,C,C,C,bleached,362,y2
65,6,2015-11-04,25,2,0,0.0563552392944612,0,0.0563552392944612,0,C,C,C,bleached,376,y2
65,6,2015-12-04,25,NA,NA,0.0253370707550851,0,0.0253370707550851,0,C,C,C,bleached,406,y2
65,6,2015-12-17,25,3,0,0.0881340646765833,0,0.0881340646765833,0,C,C,C,bleached,419,y2
65,6,2016-01-20,25,3,0,0.0581407524455985,0,0.0581407524455985,0,C,C,C,bleached,453,y2
65,6,2016-02-11,25,3,0,0.0385051053180052,0,0.0385051053180052,0,C,C,C,bleached,475,y2
65,6,2016-03-31,25,NA,NA,0.0233172838322422,0,0.0233172838322422,0,C,C,C,bleached,524,y2
66,6,2014-10-24,25,3,0,0.02238230500665,NA,0.02238230500665,0,C,C,C,not bleached,0,y1
66,6,2014-11-04,25,3,0,0.0238714716157553,NA,0.0238714716157553,0,C,C,C,not bleached,11,y1
66,6,2014-11-24,25,3,0,0.0645624845016476,NA,0.0645624845016476,0,C,C,C,not bleached,31,y1
66,6,2014-12-16,25,3,0,0.162652068279501,NA,0.162652068279501,0,C,C,C,not bleached,53,y1
66,6,2015-01-14,25,3,0,0.209808063798987,NA,0.209808063798987,0,C,C,C,not bleached,82,y1
66,6,2015-05-06,25,3,0,0.0405759124483894,NA,0.0405759124483894,0,C,C,C,not bleached,194,y1
66,6,2015-08-11,25,3,0,0.01450901663726,0,0.01450901663726,0,C,C,C,not bleached,291,y2
66,6,2015-09-14,25,3,0,0.0806933476420868,0,0.0806933476420868,0,C,C,C,not bleached,325,y2
66,6,2015-10-01,25,3,0,0.026006094243384,0,0.026006094243384,0,C,C,C,not bleached,342,y2
66,6,2015-10-21,25,3,0,0.0240969364623156,0,0.0240969364623156,0,C,C,C,not bleached,362,y2
66,6,2015-11-04,25,3,0,0.240789360679218,0,0.240789360679218,0,C,C,C,not bleached,376,y2
66,6,2015-12-04,25,NA,NA,0.0755535603913633,0,0.0755535603913633,0,C,C,C,not bleached,406,y2
66,6,2015-12-17,25,3,0,0.280387424981931,0,0.280387424981931,0,C,C,C,not bleached,419,y2
66,6,2016-01-20,25,3,0,0.044229218243321,0,0.044229218243321,0,C,C,C,not bleached,453,y2
66,6,2016-02-11,25,3,0,0.0909264320502894,0,0.0909264320502894,0,C,C,C,not bleached,475,y2
66,6,2016-03-31,25,NA,NA,0.0109016744418516,0,0.0109016744418516,0,C,C,C,not bleached,524,y2
69,5,2014-10-24,25,1,0,0.0595668617182596,NA,0.0595668617182596,0,C,C,C,bleached,0,y1
69,5,2014-11-04,25,1,0,0.00986361057972091,0.0105091470147694,0.0203727575944903,0.515843128551804,DC,D,C,bleached,11,y1
69,5,2014-11-24,25,2,0,0.0212221197068816,0.0207272781961365,0.0419493979030181,0.494101923561703,CD,C,C,bleached,31,y1
69,5,2014-12-16,25,2,0,0.0793358312763141,NA,0.0793358312763141,0,C,C,C,bleached,53,y1
69,5,2015-01-14,25,2,0,0.169724666765798,0.222326685249795,0.392051352015592,0.567085623112332,DC,D,C,bleached,82,y1
69,5,2015-05-06,25,3,0,0.236331915697187,NA,0.236331915697187,0,C,C,C,bleached,194,y1
69,5,2015-08-11,25,2,0,0.0498450327845981,0,0.0498450327845981,0,C,C,C,bleached,291,y2
69,5,2015-09-14,25,2,0,0.0093903428798635,0,0.0093903428798635,0,C,C,C,bleached,325,y2
69,5,2015-10-01,25,1,0,0.00612125656215395,0.00625382763170104,0.012375084193855,0.505356370408086,DC,D,C,bleached,342,y2
69,5,2015-10-21,25,1,0,0,0,2e-05,NA,NA,NA,C,bleached,362,y2
69,5,2015-11-04,25,1,0,0.00636463525113779,0,0.00636463525113779,0,C,C,C,bleached,376,y2
69,5,2015-12-04,25,NA,NA,0.0167533515900746,0.0153694054967948,0.0321227570868694,0.478458478991432,CD,C,C,bleached,406,y2
69,5,2015-12-17,25,2,0,0.780241993418768,0,0.780241993418768,0,C,C,C,bleached,419,y2
69,5,2016-01-20,25,3,0,0.0125392385505013,0.0119342785989419,0.0244735171494433,0.487640518772489,CD,C,C,bleached,453,y2
69,5,2016-02-11,25,3,0,0.0340923900351144,0.0471860812177572,0.0812784712528717,0.580548335745059,DC,D,C,bleached,475,y2
69,5,2016-03-31,25,NA,NA,0.0229755554908655,0.00395695170226536,0.0269325071931309,0.146921030184467,CD,C,C,bleached,524,y2
7,5,2014-10-24,HIMB,1,0,0.0663789851517379,NA,0.0663789851517379,0,C,C,C,bleached,0,y1
7,5,2014-11-04,HIMB,1,1,0.00305105395437719,NA,0.00305105395437719,0,C,C,C,bleached,11,y1
7,5,2014-11-24,HIMB,1,2,0.0083774024230798,0.00357671548387035,0.0119541179069501,0.299203631059289,CD,C,C,bleached,31,y1
7,5,2014-12-16,HIMB,0,3,NA,NA,NA,NA,NA,NA,NA,NA,53,y1
7,5,2015-01-14,HIMB,0,3,NA,NA,NA,NA,NA,NA,NA,NA,82,y1
7,5,2015-05-06,HIMB,0,3,NA,NA,NA,NA,NA,NA,NA,NA,194,y1
7,5,2015-08-11,HIMB,0,3,NA,NA,NA,NA,NA,NA,NA,NA,291,y2
7,5,2015-09-14,HIMB,0,3,NA,NA,NA,NA,NA,NA,NA,NA,325,y2
7,5,2015-10-01,HIMB,0,3,NA,NA,NA,NA,NA,NA,NA,NA,342,y2
7,5,2015-10-21,HIMB,0,3,NA,NA,NA,NA,NA,NA,NA,NA,362,y2
7,5,2015-11-04,HIMB,0,3,NA,NA,NA,NA,NA,NA,NA,NA,376,y2
7,5,2015-12-17,HIMB,0,3,NA,NA,NA,NA,NA,NA,NA,NA,419,y2
7,5,2016-01-20,HIMB,0,3,NA,NA,NA,NA,NA,NA,NA,NA,453,y2
7,5,2016-02-11,HIMB,0,3,NA,NA,NA,NA,NA,NA,NA,NA,475,y2
70,5,2014-10-24,25,3,0,0.000505567755263949,0.0611712135039107,0.0616767812591746,0.991802948452522,DC,D,D,not bleached,0,y1
70,5,2014-11-04,25,3,0,0.00167858348584542,0.0835538780815764,0.0852324615674219,0.980305819461549,DC,D,D,not bleached,11,y1
70,5,2014-11-24,25,3,0,0.0283490245055608,1.48255081702625,1.51089984153181,0.981236992865907,DC,D,D,not bleached,31,y1
70,5,2014-12-16,25,3,0,2.32480133607125e-06,0.0616228486783273,0.0616251734796633,0.999962275135228,DC,D,D,not bleached,53,y1
70,5,2015-01-14,25,3,0,0.000179789908738685,0.201384054568626,0.201563844477365,0.999108025007139,DC,D,D,not bleached,82,y1
70,5,2015-05-06,25,3,0,4.56435247979434e-05,0.156717411768448,0.156763055293246,0.999708837489085,DC,D,D,not bleached,194,y1
70,5,2015-08-11,25,3,0,0.00027084283628224,0.0222392997304418,0.022510142566724,0.98796796441962,DC,D,D,not bleached,291,y2
70,5,2015-09-14,25,3,0,0.000399766043224052,0.0209472573329853,0.0213470233762094,0.981272984238656,DC,D,D,not bleached,325,y2
70,5,2015-10-01,25,3,0,0.000508027267201089,0.0109730254888795,0.0114810527560806,0.955750811533199,DC,D,D,not bleached,342,y2
70,5,2015-10-21,25,3,0,0.000786477739671581,0.0319953303293954,0.032781808069067,0.976008713795939,DC,D,D,not bleached,362,y2
70,5,2015-11-04,25,3,0,0.000604212458729543,0.0347439398748992,0.0353481523336288,0.982906816372557,DC,D,D,not bleached,376,y2
70,5,2015-12-04,25,NA,NA,0.000220168173168174,0.0968237761870447,0.0970439443602129,0.997731252839941,DC,D,D,not bleached,406,y2
70,5,2015-12-17,25,3,0,0.00280330328851312,1.43540233383687,1.43820563712539,0.998050832776517,DC,D,D,not bleached,419,y2
70,5,2016-01-20,25,3,0,0.0010561961865029,0.105440803281263,0.106496999467766,0.99008238549648,DC,D,D,not bleached,453,y2
70,5,2016-02-11,25,3,0,0,0.0503140513288426,0.0503140513288426,1,D,D,D,not bleached,475,y2
70,5,2016-03-31,25,NA,NA,0,0.033080048765724,0.033080048765724,1,D,D,D,not bleached,524,y2
71,5,2014-10-24,25,1,0,0.000343460957653142,0.000396772421336482,0.000740233378989624,0.536009902549995,DC,D,C,bleached,0,y1
71,5,2014-11-04,25,1,0,0.000563787697677495,0.000369859461177088,0.000933647158854583,0.396144793747179,CD,C,C,bleached,11,y1
71,5,2014-11-24,25,1,1,0.00841161799208968,0.00614715041195373,0.0145587684040434,0.422230111871721,CD,C,C,bleached,31,y1
71,5,2014-12-16,25,2,1,0.00126266587237374,0.00105010575044041,0.00231277162281414,0.454046452352547,CD,C,C,bleached,53,y1
71,5,2015-01-14,25,2,1,0.0139173101937266,0.0166201001006346,0.0305374102943612,0.54425375106885,DC,D,C,bleached,82,y1
71,5,2015-05-06,25,2,1,0.00529493838966598,0.0033314487647511,0.00862638715441708,0.386192818049588,CD,C,C,bleached,194,y1
71,5,2015-08-11,25,1,1,0.0253994937578802,0,0.0253994937578802,0,C,C,D,bleached,291,y2
71,5,2015-09-14,25,1,1,0.0572668298900971,0,0.0572668298900971,0,C,C,D,bleached,325,y2
71,5,2015-10-01,25,1,1,NA,NA,NA,NA,NA,NA,NA,NA,342,y2
71,5,2015-10-21,25,1,1,0.000199184575561103,0.000227051182597504,0.000426235758158607,0.532689194305034,DC,D,D,bleached,362,y2
71,5,2015-11-04,25,2,1,0.00020162240042607,0.00205542888310614,0.00225705128353221,0.910669995893696,DC,D,D,bleached,376,y2
71,5,2015-12-04,25,NA,NA,6.09123188665699e-05,0.0306547653470105,0.0307156776658771,0.998016898095846,DC,D,D,bleached,406,y2
71,5,2015-12-17,25,2,1,0.0322142664295423,0.0151672692337883,0.0473815356633306,0.320109279309967,CD,C,D,bleached,419,y2
71,5,2016-01-20,25,2,1,0.000155725578562005,0.0455724319493583,0.0457281575279203,0.99659453634302,DC,D,D,bleached,453,y2
71,5,2016-02-11,25,2,1,0.00196030459189667,0.333152626239841,0.335112930831738,0.994150316470835,DC,D,D,bleached,475,y2
71,5,2016-03-31,25,NA,NA,0.00141895401674942,0.134400011951291,0.135818965968041,0.9895526077184,DC,D,D,bleached,524,y2
72,5,2014-10-24,25,3,0,0.00538558945709486,0.00548882411934377,0.0108744135764386,0.504746677212672,DC,D,C,not bleached,0,y1
72,5,2014-11-04,25,3,0,0.0118979554597906,0.0100145059256506,0.0219124613854412,0.457023323372713,CD,C,C,not bleached,11,y1
72,5,2014-11-24,25,3,0,0.0150871492127521,0.011668467434143,0.0267556166468951,0.436112820277573,CD,C,C,not bleached,31,y1
72,5,2014-12-16,25,3,0,0.0866585728557121,0.089812349329958,0.17647092218567,0.508935683100607,DC,D,C,not bleached,53,y1
72,5,2015-01-14,25,3,0,1.65638280118681,NA,1.65638280118681,0,C,C,C,not bleached,82,y1
72,5,2015-05-06,25,3,0,0.359467589062925,0.0020232357245194,0.361490824787445,0.00559692137610702,CD,C,C,not bleached,194,y1
72,5,2015-08-11,25,3,0,0.0749848812312497,0.000538041536034491,0.0755229227672842,0.00712421495778716,CD,C,C,not bleached,291,y2
72,5,2015-09-14,25,3,0,0.174022234431581,0.00195699416739869,0.175979228598979,0.0111205974874357,CD,C,C,not bleached,325,y2
72,5,2015-10-01,25,3,0,NA,NA,NA,NA,NA,NA,NA,NA,342,y2
72,5,2015-10-21,25,3,0,0.0155191521608362,0,0.0155191521608362,0,C,C,C,not bleached,362,y2
72,5,2015-11-04,25,3,0,0.198085276194867,0,0.198085276194867,0,C,C,C,not bleached,376,y2
72,5,2015-12-04,25,NA,NA,0.0178639329666552,0,0.0178639329666552,0,C,C,C,not bleached,406,y2
72,5,2015-12-17,25,3,0,0.128469122307352,0.00184240400987486,0.130311526317227,0.0141384577553774,CD,C,C,not bleached,419,y2
72,5,2016-01-20,25,3,0,0.0500961503223103,0.000954547870885473,0.0510506981931958,0.0186980375326718,CD,C,C,not bleached,453,y2
72,5,2016-02-11,25,3,0,0.0397402167868889,0,0.0397402167868889,0,C,C,C,not bleached,475,y2
72,5,2016-03-31,25,NA,NA,0.0136197454755084,0.0456625478784283,0.0592822933539367,0.770256096635912,DC,D,C,not bleached,524,y2
77,6,2014-10-24,25,1,0,0.00845941132629479,NA,0.00845941132629479,0,C,C,C,bleached,0,y1
77,6,2014-11-04,25,1,0,0.00562921471346343,0.000233300733158801,0.00586251544662224,0.0397953293740523,CD,C,C,bleached,11,y1
77,6,2014-11-24,25,1,0,0.00468192160388252,NA,0.00468192160388252,0,C,C,C,bleached,31,y1
77,6,2014-12-16,25,2,0,0.00734151140341434,0.00381175177126016,0.0111532631746745,0.341761125113181,CD,C,C,bleached,53,y1
77,6,2015-01-14,25,2,0,0.0521554350754703,NA,0.0521554350754703,0,C,C,C,bleached,82,y1
77,6,2015-05-06,25,3,0,0.0173508818948131,NA,0.0173508818948131,0,C,C,C,bleached,194,y1
77,6,2015-08-11,25,2,0,0.0102430811143179,0,0.0102430811143179,0,C,C,C,bleached,291,y2
77,6,2015-09-14,25,1,0,0,0,2e-05,NA,NA,NA,C,bleached,325,y2
77,6,2015-10-01,25,1,0,0,0,2e-05,NA,NA,NA,C,bleached,342,y2
77,6,2015-10-21,25,1,0,0.000267040013441358,0,0.000267040013441358,0,C,C,C,bleached,362,y2
77,6,2015-11-04,25,1,1,0.00924887465058171,0,0.00924887465058171,0,C,C,C,bleached,376,y2
77,6,2015-12-04,25,NA,NA,0.0437080720492769,0,0.0437080720492769,0,C,C,C,bleached,406,y2
77,6,2015-12-17,25,2,1,NA,NA,NA,NA,NA,NA,NA,NA,419,y2
77,6,2016-01-20,25,2,2,0.0678453407537608,0,0.0678453407537608,0,C,C,C,bleached,453,y2
77,6,2016-02-11,25,2,2,0.170517717348265,0,0.170517717348265,0,C,C,C,bleached,475,y2
77,6,2016-03-31,25,NA,NA,0.0237635395970992,0,0.0237635395970992,0,C,C,C,bleached,524,y2
78,6,2014-10-24,25,3,0,0.00487638109108144,0.0254851678705607,0.0303615489616421,0.839389581300937,DC,D,D,not bleached,0,y1
78,6,2014-11-04,25,3,0,0.000346371619979325,0.112013098850576,0.112359470470555,0.996917290384791,DC,D,D,not bleached,11,y1
78,6,2014-11-24,25,3,0,0.0151962894043962,0.0512403248245241,0.0664366142289203,0.771266347920224,DC,D,D,not bleached,31,y1
78,6,2014-12-16,25,3,0,2.36512782528873e-05,0.0767950425236681,0.076818693801921,0.999692115589548,DC,D,D,not bleached,53,y1
78,6,2015-01-14,25,3,0,0.0323379044467237,NA,0.0323379044467237,0,C,C,D,not bleached,82,y1
78,6,2015-05-06,25,3,0,0.0600966835498799,0.0167812462568066,0.0768779298066865,0.218284315134447,CD,C,D,not bleached,194,y1
78,6,2015-08-11,25,3,0,0.00132967884624129,0.0960683601305552,0.0973980389767965,0.986347991600138,DC,D,D,not bleached,291,y2
78,6,2015-09-14,25,3,0,0.0308848589646442,0.0759242820578998,0.106809141022544,0.710840676472387,DC,D,D,not bleached,325,y2
78,6,2015-10-01,25,3,0,0.000357354494266088,0.0201944850897177,0.0205518395839838,0.982612043422888,DC,D,D,not bleached,342,y2
78,6,2015-10-21,25,3,0,NA,NA,NA,NA,NA,NA,NA,NA,362,y2
78,6,2015-11-04,25,3,0,0.00130570396301738,0.719294845840602,0.720600549803619,0.998188033629209,DC,D,D,not bleached,376,y2
78,6,2015-12-04,25,NA,NA,0.000522726366955497,0.252412484080732,0.252935210447687,0.997933358641407,DC,D,D,not bleached,406,y2
78,6,2015-12-17,25,3,0,0.013494296276526,0.13339765137771,0.146891947654236,0.908134540442681,DC,D,D,not bleached,419,y2
78,6,2016-01-20,25,3,0,0.0185234104095283,0.163414190191136,0.181937600600664,0.898188113131241,DC,D,D,not bleached,453,y2
78,6,2016-02-11,25,3,0,0.00103564376459127,0.157290688464374,0.158326332228965,0.993458802777711,DC,D,D,not bleached,475,y2
78,6,2016-03-31,25,NA,NA,0.000575795267934267,0.0154875759932996,0.0160633712612339,0.964154768101274,DC,D,D,not bleached,524,y2
79,7,2014-10-24,25,1,0,0.00132846385241835,NA,0.00132846385241835,0,C,C,C,bleached,0,y1
79,7,2014-11-04,25,1,0,0.00141717116107748,NA,0.00141717116107748,0,C,C,C,bleached,11,y1
79,7,2014-11-24,25,1,0,0.00971634072760398,NA,0.00971634072760398,0,C,C,C,bleached,31,y1
79,7,2014-12-16,25,1,0,5.85754211660066e-05,NA,5.85754211660066e-05,0,C,C,C,bleached,53,y1
79,7,2015-01-14,25,2,1,0.00383074084188437,NA,0.00383074084188437,0,C,C,C,bleached,82,y1
79,7,2015-05-06,25,3,1,0.00589838628511941,NA,0.00589838628511941,0,C,C,C,bleached,194,y1
79,7,2015-08-11,25,2,1,0.0101010113119931,0,0.0101010113119931,0,C,C,C,bleached,291,y2
79,7,2015-09-14,25,2,1,0.0169114427309324,0,0.0169114427309324,0,C,C,C,bleached,325,y2
79,7,2015-10-01,25,1,1,0.00231189814329329,0,0.00231189814329329,0,C,C,C,bleached,342,y2
79,7,2015-10-21,25,1,1,7.30044308163244e-05,0,7.30044308163244e-05,0,C,C,C,bleached,362,y2
79,7,2015-11-04,25,1,1,0.0013248948247559,0.000235335269304748,0.00156023009406065,0.15083369446635,CD,C,C,bleached,376,y2
79,7,2015-12-04,25,NA,NA,0.0317795730512866,0,0.0317795730512866,0,C,C,C,bleached,406,y2
79,7,2015-12-17,25,2,2,0.0426161345996569,0,0.0426161345996569,0,C,C,C,bleached,419,y2
79,7,2016-01-20,25,2,2,0.0193187231324747,0.0105103547260298,0.0298290778585045,0.352352653202559,CD,C,C,bleached,453,y2
79,7,2016-02-11,25,3,2,0.0166664835438452,0,0.0166664835438452,0,C,C,C,bleached,475,y2
79,7,2016-03-31,25,NA,NA,0.0130007940605478,0,0.0130007940605478,0,C,C,C,bleached,524,y2
8,5,2014-10-24,HIMB,3,0,0.0126775666370365,0.0179341502087246,0.0306117168457611,0.585859012713557,DC,D,D,not bleached,0,y1
8,5,2014-11-04,HIMB,3,0,0.00213415160818465,0.0166197925723942,0.0187539441805788,0.886202518913609,DC,D,D,not bleached,11,y1
8,5,2014-11-24,HIMB,3,0,0.0152828139332849,0.0388048164661512,0.054087630399436,0.717443455732455,DC,D,D,not bleached,31,y1
8,5,2014-12-16,HIMB,3,0,0.00630248765646851,0.0868090453200742,0.0931115329765427,0.932312491750552,DC,D,D,not bleached,53,y1
8,5,2015-01-14,HIMB,3,0,0.184369388227195,1.05113067308397,1.23550006131117,0.850773468977789,DC,D,D,not bleached,82,y1
8,5,2015-05-06,HIMB,3,0,0.000940081416158691,0.0058735180322032,0.00681359944836189,0.862028664396363,DC,D,D,not bleached,194,y1
8,5,2015-08-11,HIMB,2,0,0.00301337002258576,0.03109346423072,0.0341068342533057,0.911649084749233,DC,D,D,not bleached,291,y2
8,5,2015-09-14,HIMB,2,0,0.0416913978008487,0.288282500953308,0.329973898754157,0.873652437485941,DC,D,D,not bleached,325,y2
8,5,2015-10-01,HIMB,3,0,0.00841071142901269,0.102550410471498,0.110961121900511,0.92420127622219,DC,D,D,not bleached,342,y2
8,5,2015-10-21,HIMB,3,0,0.192588511932373,1.34812584112848,1.54071435306085,0.875000507686731,DC,D,D,not bleached,362,y2
8,5,2015-11-04,HIMB,3,0,0.0126041579834418,0.116872318661438,0.12947647664488,0.902652911864355,DC,D,D,not bleached,376,y2
8,5,2015-12-04,HIMB,NA,NA,0.000407996261413738,0.0242395238808883,0.024647520142302,0.983446762227673,DC,D,D,not bleached,406,y2
8,5,2015-12-17,HIMB,3,0,0.00405577561448775,0.122636061177688,0.126691836792175,0.96798708016886,DC,D,D,not bleached,419,y2
8,5,2016-01-20,HIMB,3,0,0.00465740982829083,0.312072940114805,0.316730349943095,0.985295347196353,DC,D,D,not bleached,453,y2
8,5,2016-02-11,HIMB,3,0,0.000493861304064358,0.0589017852513854,0.0593956465554497,0.991685227239621,DC,D,D,not bleached,475,y2
8,5,2016-03-31,HIMB,NA,NA,0.00118056529568136,0.0389861410827378,0.0401667063784192,0.970608361946359,DC,D,D,not bleached,524,y2
80,7,2014-10-24,25,3,0,0.131283462803416,0.000717497445840802,0.132000960249257,0.00543554716939904,CD,C,C,not bleached,0,y1
80,7,2014-11-04,25,3,0,0.0299225942961372,0.00014726488778305,0.0300698591839203,0.00489742525504739,CD,C,C,not bleached,11,y1
80,7,2014-11-24,25,3,0,0.250317035462955,0.000126907778740711,0.250443943241696,0.000506731275262806,CD,C,C,not bleached,31,y1
80,7,2014-12-16,25,3,0,0.00550810068947042,0.00113990850134142,0.00664800919081184,0.171466144017502,CD,C,C,not bleached,53,y1
80,7,2015-01-14,25,3,1,NA,NA,NA,NA,NA,NA,NA,NA,82,y1
80,7,2015-05-06,25,2,2,0.352325550623896,0.126900293983875,0.479225844607771,0.264802692533702,CD,C,C,not bleached,194,y1
80,7,2015-08-11,25,0,3,NA,NA,NA,NA,NA,NA,NA,NA,291,y2
80,7,2015-09-14,25,0,3,NA,NA,NA,NA,NA,NA,NA,NA,325,y2
80,7,2015-10-01,25,0,3,NA,NA,NA,NA,NA,NA,NA,NA,342,y2
80,7,2015-10-21,25,0,3,NA,NA,NA,NA,NA,NA,NA,NA,362,y2
80,7,2015-11-04,25,0,3,NA,NA,NA,NA,NA,NA,NA,NA,376,y2
80,7,2015-12-17,25,0,3,NA,NA,NA,NA,NA,NA,NA,NA,419,y2
80,7,2016-01-20,25,0,3,NA,NA,NA,NA,NA,NA,NA,NA,453,y2
80,7,2016-02-11,25,0,3,NA,NA,NA,NA,NA,NA,NA,NA,475,y2
83,8,2014-10-24,25,1,0,0.00339461483986363,0.000229368776890826,0.00362398361675446,0.0632918912299728,CD,C,C,bleached,0,y1
83,8,2014-11-04,25,1,0,0.00235673436585343,NA,0.00235673436585343,0,C,C,C,bleached,11,y1
83,8,2014-11-24,25,2,1,0.0634769338427948,NA,0.0634769338427948,0,C,C,C,bleached,31,y1
83,8,2014-12-16,25,2,1,0.196321247662217,NA,0.196321247662217,0,C,C,C,bleached,53,y1
83,8,2015-01-14,25,3,1,1.10748750570561,NA,1.10748750570561,0,C,C,C,bleached,82,y1
83,8,2015-05-06,25,2,1,0.0770699407934803,NA,0.0770699407934803,0,C,C,C,bleached,194,y1
83,8,2015-08-11,25,2,1,0.016974860785395,0,0.016974860785395,0,C,C,C,bleached,291,y2
83,8,2015-09-14,25,1,1,0.0123824752957374,0,0.0123824752957374,0,C,C,C,bleached,325,y2
83,8,2015-10-01,25,1,1,0.000405416816519368,0,0.000405416816519368,0,C,C,C,bleached,342,y2
83,8,2015-10-21,25,1,2,0,0,2e-05,NA,NA,NA,C,bleached,362,y2
83,8,2015-11-04,25,1,2,0.000422691743547223,0,0.000422691743547223,0,C,C,C,bleached,376,y2
83,8,2015-12-04,25,NA,NA,0.0488903503116576,0,0.0488903503116576,0,C,C,C,bleached,406,y2
83,8,2015-12-17,25,2,2,0.814588613272465,0,0.814588613272465,0,C,C,C,bleached,419,y2
83,8,2016-01-20,25,2,2,0.0113918317401766,0,0.0113918317401766,0,C,C,C,bleached,453,y2
83,8,2016-02-11,25,2,2,0.0194079769568509,0,0.0194079769568509,0,C,C,C,bleached,475,y2
83,8,2016-03-31,25,NA,NA,0.0256533945778011,0,0.0256533945778011,0,C,C,C,bleached,524,y2
84,8,2014-10-24,25,3,0,0.449230220236963,NA,0.449230220236963,0,C,C,C,not bleached,0,y1
84,8,2014-11-04,25,3,0,0.0532162028363417,NA,0.0532162028363417,0,C,C,C,not bleached,11,y1
84,8,2014-11-24,25,3,0,0.396273954476345,NA,0.396273954476345,0,C,C,C,not bleached,31,y1
84,8,2014-12-16,25,3,0,0.0447604675948525,NA,0.0447604675948525,0,C,C,C,not bleached,53,y1
84,8,2015-01-14,25,3,0,2.05178795733585,NA,2.05178795733585,0,C,C,C,not bleached,82,y1
84,8,2015-05-06,25,3,0,0.0235851558250125,NA,0.0235851558250125,0,C,C,C,not bleached,194,y1
84,8,2015-08-11,25,3,0,0.0145180706566393,0,0.0145180706566393,0,C,C,C,not bleached,291,y2
84,8,2015-09-14,25,3,0,0.0971389399455993,0,0.0971389399455993,0,C,C,C,not bleached,325,y2
84,8,2015-10-01,25,3,0,0.0229962678953115,0,0.0229962678953115,0,C,C,C,not bleached,342,y2
84,8,2015-10-21,25,3,0,0.0152763485523402,0,0.0152763485523402,0,C,C,C,not bleached,362,y2
84,8,2015-11-04,25,3,0,0.173281981767432,0,0.173281981767432,0,C,C,C,not bleached,376,y2
84,8,2015-12-04,25,NA,NA,0.0423834122559782,0,0.0423834122559782,0,C,C,C,not bleached,406,y2
84,8,2015-12-17,25,3,0,0.174511444011807,0,0.174511444011807,0,C,C,C,not bleached,419,y2
84,8,2016-01-20,25,3,0,0.0145619114624911,0,0.0145619114624911,0,C,C,C,not bleached,453,y2
84,8,2016-02-11,25,3,0,0.0355179851320695,0,0.0355179851320695,0,C,C,C,not bleached,475,y2
84,8,2016-03-31,25,NA,NA,0.00689250227079161,0,0.00689250227079161,0,C,C,C,not bleached,524,y2
91,3,2014-10-24,25,1,0,0.00122926884102774,NA,0.00122926884102774,0,C,C,C,bleached,0,y1
91,3,2014-11-04,25,2,0,0.0243675156786862,NA,0.0243675156786862,0,C,C,C,bleached,11,y1
91,3,2014-11-24,25,2,0,0.00608577713553344,NA,0.00608577713553344,0,C,C,C,bleached,31,y1
91,3,2014-12-16,25,2,0,0.0777648510031264,NA,0.0777648510031264,0,C,C,C,bleached,53,y1
91,3,2015-01-14,25,NA,missing,NA,NA,NA,NA,NA,NA,NA,NA,82,y1
91,3,2015-05-06,25,NA,missing,NA,NA,NA,NA,NA,NA,NA,NA,194,y1
91,3,2015-08-11,25,NA,missing,NA,NA,NA,NA,NA,NA,NA,NA,291,y2
91,3,2015-09-14,25,NA,missing,NA,NA,NA,NA,NA,NA,NA,NA,325,y2
91,3,2015-10-01,25,NA,missing,NA,NA,NA,NA,NA,NA,NA,NA,342,y2
91,3,2015-10-21,25,NA,missing,NA,NA,NA,NA,NA,NA,NA,NA,362,y2
91,3,2015-11-04,25,NA,missing,NA,NA,NA,NA,NA,NA,NA,NA,376,y2
91,3,2015-12-17,25,NA,missing,NA,NA,NA,NA,NA,NA,NA,NA,419,y2
91,3,2016-01-20,25,NA,missing,NA,NA,NA,NA,NA,NA,NA,NA,453,y2
91,3,2016-02-11,25,NA,missing,NA,NA,NA,NA,NA,NA,NA,NA,475,y2
92,3,2014-10-24,25,3,0,0.323894828363034,0.0691381483629151,0.393032976725949,0.175909281045196,CD,C,C,not bleached,0,y1
92,3,2014-11-04,25,3,0,0.0134175408706588,0.0388582080192007,0.0522757488898595,0.743331446118,DC,D,C,not bleached,11,y1
92,3,2014-11-24,25,3,0,0.0246369316085322,0.00641286126385624,0.0310497928723885,0.206534751784415,CD,C,C,not bleached,31,y1
92,3,2014-12-16,25,3,0,0.0169753736176029,0.0274594712609105,0.0444348448785135,0.617971579196141,DC,D,C,not bleached,53,y1
92,3,2015-01-14,25,NA,missing,NA,NA,NA,NA,NA,NA,NA,NA,82,y1
92,3,2015-05-06,25,NA,missing,NA,NA,NA,NA,NA,NA,NA,NA,194,y1
92,3,2015-08-11,25,NA,missing,NA,NA,NA,NA,NA,NA,NA,NA,291,y2
92,3,2015-09-14,25,NA,missing,NA,NA,NA,NA,NA,NA,NA,NA,325,y2
92,3,2015-10-01,25,NA,missing,NA,NA,NA,NA,NA,NA,NA,NA,342,y2
92,3,2015-10-21,25,NA,missing,NA,NA,NA,NA,NA,NA,NA,NA,362,y2
92,3,2015-11-04,25,NA,missing,NA,NA,NA,NA,NA,NA,NA,NA,376,y2
92,3,2015-12-17,25,NA,missing,NA,NA,NA,NA,NA,NA,NA,NA,419,y2
92,3,2016-01-20,25,NA,missing,NA,NA,NA,NA,NA,NA,NA,NA,453,y2
92,3,2016-02-11,25,NA,missing,NA,NA,NA,NA,NA,NA,NA,NA,475,y2
